x0,x1,x2,x3,x4,x5,x6,x7,x8,x9,response
-60.30467491317049,30.803829615501733,-27.15777671677696,198.97512131882058,6.145247496452262,-0.0,-558.1967194505972,206.06185400018808,44.604967301808735,-636.9105933916227,0
-73.82921660434224,-32.51207751557278,9.856375944340131,-168.66256738608197,-59.94857669256497,-0.0,-479.5102138292862,-122.4547790636476,1.0716649745960989,83.72910968899389,0
-83.74127809437456,2.9236764779307918,-18.151317122360616,-184.7115457390389,-57.22594283689043,-0.0,325.9212003869092,-246.82450808250417,-62.35693077274616,168.0074292247288,0
28.664601574061003,-49.775245624524466,9.593605950654165,87.19456829536995,119.44657081907565,0.0,108.3831422639913,-1004.0365728091635,312.6038656546323,23.830034776562705,1
-41.76433634863897,46.32457499316059,-10.467802296901434,9.220756487646497,98.98130475664999,-0.0,-924.7707218202955,-560.5837569459734,-140.59098131550718,-220.21421036240298,1
-33.597033909063235,32.06445158552546,6.449341048656483,179.68142028022265,-79.49435214929437,-0.0,-6.373096475309555,-831.7318585544489,585.4598922753626,152.83551021552728,0
-80.59666634132309,-6.58769763832047,-0.8378833947594078,-356.4168524590003,223.44702991081184,-0.0,-362.5556061224784,417.50769863199315,17.796092605299652,-279.6955419474448,1
154.32126953959096,-103.74451112977634,29.38984009565351,688.6062366058119,-52.466882170795046,-0.0,279.28249585945684,510.95333593885897,-704.8991619167841,120.73543408015905,1
-114.32358582498644,48.334432180698315,2.1094086918922477,-221.24011028698231,90.82208579527682,-0.0,227.9318830956082,-109.7461563533763,-346.431370149193,-273.79445354167524,0
12.600467593449292,45.994865129899395,-8.067058137966427,428.32145782407156,107.30132971562915,-0.0,393.1537301960524,-708.1219466799691,-23.631537654111103,-45.514513954032054,0
-127.27727004366609,82.94142879818118,-2.802115401648319,230.68970356701777,-125.95519666165754,0.0,159.52202613851313,-195.43935295285007,-281.85005184602323,125.29178999022858,0
-207.02755827564175,92.00357867967041,-7.267437438925013,54.69556622588982,151.37813094316377,0.0,-229.65050864771908,-173.07172695495143,-450.1091368126139,-303.3104010410795,0
138.02335627503334,-151.4506968998276,9.018406804397593,-754.9322122623728,55.51586674480011,0.0,-203.14637588114198,-402.5075763276513,-160.07844814458446,-58.488960189487265,1
-100.20961864106779,57.02863357369787,-7.831072276274872,167.34122841219076,-60.52183249338314,0.0,32.145407109023076,777.3501097409837,267.6536925692901,466.0928880998999,0
-68.06962407199838,61.620984708117334,-13.049056698851993,273.622302375181,4.381333593847496,-0.0,-80.22811902241607,-96.64245487699556,-169.41687956564132,171.88633676695318,0
-174.67617210282094,58.1472808374112,-5.84434068243725,-26.258580320330235,67.62688470678859,0.0,114.81491306408189,-682.137296652596,36.08854722594586,368.1688713671032,0
-47.33231261808601,113.47881878159971,-12.082488341137047,-309.42145782359256,74.88470489972306,-0.0,-413.53659031242995,-89.83880303909135,355.3789639775665,-323.24992657427146,1
54.92852822819131,-106.9170404582183,8.230858185143822,-109.23135775609758,144.66873846294192,-0.0,175.1178876437683,279.6178651479039,280.20012003443213,101.14609626952532,1
-73.49166154642573,57.07325018038924,-13.145974443280272,462.0858728478242,93.8822776732019,-0.0,85.98855777938779,-224.88938838530785,-697.9740240815643,246.57215252993956,0
-30.75263119691052,20.132817308138723,-11.922579092175042,-347.9306537797111,-80.12146838049227,-0.0,88.61722626662018,-358.38784078172796,242.5666956011487,152.7159703418157,1
-83.88810536706946,49.75557065922682,-28.68294090763736,213.65938729485538,3.237594911425004,0.0,-92.19776274196346,244.38711618340494,12.72582618032214,205.85797851520712,0
-151.7857299551693,160.52449195530906,-13.283277751651639,36.179690380312486,217.16977419033407,0.0,188.49148572616326,278.3310562355959,15.633282124869408,370.7370032347856,0
105.69521885497619,-62.72409713917178,44.719336610491006,405.242447234764,150.18837666793578,0.0,18.04040188562248,99.17015611851338,463.2254773697824,-265.8684216178348,1
-49.06983999817128,106.61313907576954,4.429519268417052,161.0484482192162,164.55245279815307,0.0,41.41269233644133,-71.46109584485625,-30.43474823935083,136.94969935645813,0
146.79711954724337,4.049534445699373,-3.5098248460666004,169.496025087222,-70.80497957981125,-0.0,131.52549361248367,-23.268759537621065,585.721505741832,-61.52852762118199,1
11.341042051593892,30.987186658252817,5.987625330333812,563.5035705838216,144.28963960753944,0.0,246.7970927586951,182.34993507004452,264.91200329927403,172.628959788323,0
75.48928675191956,-23.10120363294839,-9.838205768142055,141.47074563752187,-123.68919257187795,-0.0,-359.85891261270666,-93.09444023309418,30.9830675293232,-180.56603494555583,1
52.59423890231468,-55.206891846027645,-2.152984901753282,-427.17624784517795,33.364257745636316,-0.0,163.78327738928755,745.5144651992329,204.23734111748698,-251.51885066165693,1
-159.733099470814,49.235190716103844,17.436754116084387,129.7590646767448,108.54765535396953,0.0,-550.8315512331011,-965.132271649097,-526.9209548762541,107.2730718868179,0
31.82455299179791,-144.09060615600174,5.443938214279822,-804.7219244409147,-6.313963120676536,-0.0,361.92868010223776,-255.56435441004626,-538.2579834656977,97.14622860785795,1
-57.0480798716791,58.99142827309379,-23.536608753190812,255.9280240427118,68.21557893956488,-0.0,-400.277355944924,123.2457822723415,-19.72902989966301,-45.650779969763725,0
-17.653445250923646,147.77037961125183,-19.617208711941647,-143.56581619367,-13.2392318014989,-0.0,-68.98569360118911,721.8683815460734,-54.62721749278233,-253.9793780111261,1
74.36476620523236,-31.145211633725065,20.191332829652975,266.9689086265491,24.377672532444986,-0.0,-464.99926426584506,405.32003392737283,813.6068294647484,62.72465618932856,1
62.36055664683107,2.6326825873960624,6.657774194217937,-197.94838176168963,9.886304620150721,-0.0,-438.92592962059575,757.5765285351141,-248.4217435215446,373.14652095495853,1
-90.01261916342638,23.158117475435873,20.19730058066085,87.04290184184154,14.52863851815414,-0.0,-610.8657078736422,-244.971908666938,401.8413164476408,-285.73512575093287,0
132.54384691951748,-36.02216181136392,21.313473528056132,340.3873712494573,28.85480954197377,-0.0,554.1767596006841,-1071.7262724431323,-150.22631622669462,-227.60398765564887,1
-24.745540648920695,-52.82223411092092,-0.766079952792017,529.3661064825504,31.21645241086295,0.0,233.49653715514606,-960.6520568603505,60.75563653896969,-334.6014201458609,0
98.26555549153143,-24.30458385962097,6.647647343713665,86.22694223938113,19.049142865744244,-0.0,-440.26159458620606,347.0982435176115,351.435882990176,-199.27055581687983,1
-112.34072267575479,-0.9024078553301429,15.296707086876676,-127.25891579642747,67.92145086422049,-0.0,231.8642998913407,650.8018113982646,-338.8969506013751,40.55994604882936,0
-125.42718280801974,86.08006191510921,-12.26587043636546,-172.55921771765148,93.89293228134757,0.0,645.0429382179091,-433.85252104665256,144.14675091931227,-481.17935672444173,0
19.737182441782863,76.17137761122353,13.69911567831729,456.20813814117054,159.40370302972707,-0.0,-2.744960887121845,220.26591831064562,178.99229492062787,385.8131449323817,0
-57.38269143312194,-123.90015902744379,1.3183239696671285,732.7590024679927,180.28089914996437,0.0,-44.583766000180304,-338.3775150164043,338.70713488527747,136.47212761014057,0
-71.27317251302455,34.88136649805187,-12.937082698981978,135.74383301883196,17.629288648769457,-0.0,-178.85885924841008,871.6617502452356,645.1495027398345,454.12826992396344,0
-26.06139046664198,-35.573630330086786,12.19272243570964,-54.91044313463298,-53.635189047390924,-0.0,237.75207060191715,669.6851840889123,-516.5634348599216,156.79187396279346,1
-47.15404078599277,45.419500743336684,-14.275295217882235,268.2979991203506,-1.0971208185856636,0.0,174.17480612504022,33.15992051685137,-404.38017592044565,-240.1428652597272,0
70.28970236164912,-105.02579760417929,-0.047096975359703724,486.7343708331759,1.135302945259466,-0.0,26.626568580149304,302.13149888069313,-167.3248945592484,181.80031249352555,1
-40.43474098989632,-23.313788891452795,-13.94873013293203,-114.89259889097089,164.36735314164187,-0.0,-228.3232510373393,263.02586995293797,-351.25993036078984,-325.1334357464546,1
172.71038814606834,-94.17058119015128,0.18754900477189027,719.1289356507793,-79.61086534421665,-0.0,513.1263209521128,-714.9196962827846,431.6428957890761,-115.34564963093688,1
72.04059513336874,-60.96533693777572,14.775025353170731,265.46351073003825,115.35640317134728,-0.0,-81.02559284526794,-43.708787944642914,-557.5948399510629,-334.45753998087207,1
-149.0143989090351,133.60881328615014,-10.727472144808294,27.947612559065668,130.1062443277896,0.0,392.06973933699743,435.8540063562325,-228.06475986981417,237.866361460369,0
96.04839874227042,16.05174740419768,19.19249949522616,108.99295059934991,65.12770351413248,-0.0,-136.54242820985007,-719.9262285924879,166.1357543951521,-285.3111900797776,1
145.4478945789456,-38.85345144309854,19.193933243947267,446.3959867225739,246.66407645963864,-0.0,276.87757659546827,4.466915477951989,-52.78089697275045,-527.038944581595,1
-144.2613039435409,14.605223141731134,-5.4571883844010705,160.4437412497729,65.58174033531894,-0.0,-241.99224763279648,-71.06271610606215,159.28609293854961,-126.42434191556396,0
-35.07082871163187,-21.9571095915708,-8.07531146426989,141.53101125928748,29.678201082884513,0.0,-59.06173886947159,411.6016091486466,-0.6187237819051795,197.5846496802856,0
-1.8516617975883225,121.27412179776965,23.17583193542885,231.52739991124048,-91.06268351844048,0.0,-232.88303135053707,536.7159131549037,-667.3797537676043,-526.5845223226311,0
84.33849373246301,-41.08425420208719,-5.15359798817632,231.2736444738,149.12225622985494,0.0,-55.73138885524052,1074.9390990641807,298.8657009212228,-72.19988643260369,1
-23.16680419617338,-3.994299361413095,-14.919236527191318,-446.59488065753516,2.6800258789032165,-0.0,389.5886486242487,-325.56450962708595,-181.35721777350872,2.2672676125352678,1
120.96579359940112,-176.9144728483746,-23.91487224623854,-661.1816371275847,-1.9442901772703736,0.0,550.7241847507304,-143.968680248363,-325.5093288812675,-23.47405944228903,1
-34.965754127622866,-7.599268287599479,5.69470797746094,412.569772777676,40.50500564342822,0.0,141.20590798693095,74.41676806756779,-641.7788002663053,257.6352771588368,0
-11.040851136992917,1.5112273729380743,4.619602117032371,189.92569063523356,-83.89675926723733,0.0,-492.2975886783399,-399.3412826523149,-169.64947680402835,276.6326435668227,0
40.18738901410033,-98.95368976530412,-23.51773857212221,-587.8076487912334,102.79176723397033,-0.0,125.61923289331337,717.6364090414127,-72.35054524488804,-103.10690027194244,1
101.16865877656952,-39.085633139892124,-19.005431796342116,-246.4627368972792,70.05305221203332,-0.0,-270.18328696433326,117.62423699081704,189.38241370229295,209.79833482012577,1
-132.6167342387148,32.99383381569195,-53.332960772345366,57.52857636780165,67.34410400032955,-0.0,324.1275839144905,-370.2736574064225,93.13365743205978,576.8816729122818,0
-119.8138925848139,-15.257799678519655,-6.9930243688605565,73.1984063311232,-88.844146007842,0.0,40.144455381847074,443.3696263868408,467.24553567990637,88.22555040100814,0
-74.15698068334191,-52.724052214911,-1.9164940945697486,262.08853351973016,-112.71917961154276,-0.0,-151.22274283693042,-103.73144330237811,238.10412199283843,-7.415335574607903,0
-3.7416565013444867,145.18107780923853,-0.873732802163251,-52.12949282212821,-17.70507070154672,-0.0,286.99226659082154,-115.71859990151528,323.8556060620845,7.516624635461802,1
-76.71979462287423,-25.90418593913227,-3.60066569848408,366.14822154800356,-53.52569870642714,-0.0,-259.3259926998931,-382.6214625971672,-251.09085130610003,-135.68289835327744,0
104.07465017642858,-43.51504409819636,6.5250171617745405,271.7907925404398,-6.818386484190655,-0.0,-395.24637664153187,-207.20455716931502,-508.28147009969786,246.25648472445175,1
-18.783340192951318,64.68824364041704,-18.419819614948857,317.7789641731083,-37.70298719073571,-0.0,498.50519999958794,323.4156049453987,-190.8657304776485,-86.4952711270324,0
-44.344854384152775,-33.78672591498341,29.29805767490218,-769.5280921033687,-162.02338138088695,-0.0,-48.52138709381486,123.56461930989053,-377.76069792182153,-59.6455450132453,1
-73.94665533874054,-4.600498883996184,4.8461356049638615,-295.2444956398385,72.33636984377871,-0.0,-2.897902237875809,-89.71103887612618,-167.5811007853905,3.660862406034703,0
-21.859217675380695,105.01999359666429,12.490294444879636,335.2071240477516,159.22627879964716,-0.0,-253.0678145097028,123.20872202390889,-86.87788568093657,101.07267479285937,0
-93.88212322780694,19.002897208164494,14.532899378440145,237.64154079900933,40.65077072023157,0.0,-302.27298625500686,-609.3776295307279,-450.52484984463524,70.80095588506953,0
60.13164223998852,-156.16632969962433,-21.708171958506288,-845.9504258518235,-5.506604889339336,0.0,190.07458163065132,112.92409952922864,-398.05618799639535,117.70713431906708,1
4.440171375978311,110.40936787785031,-12.018075904965695,715.3486814468323,101.07548425928056,-0.0,205.1495824371783,-623.598767776165,372.72595881623766,44.091407504826385,0
109.3261719098264,-94.46008316421084,1.1074226785888481,613.6994265340721,-121.00223663126548,-0.0,491.05132257334674,-572.141898308867,364.6632396073235,238.83563414099223,1
-69.42035898195668,35.78950494992445,4.3145441821249655,550.5775752882989,52.778486091044876,-0.0,608.6757232473622,554.7615190215507,352.67091139192985,-163.18140025464518,0
-87.70274726349557,-60.18425023933668,20.992065396557596,-119.31635986403599,1.960594146398801,-0.0,233.91304472196597,291.5314277644191,-157.3338529956824,354.94618573873066,1
193.49372501614636,7.119961386936875,-8.410283760411236,348.001014938844,229.33248900632393,-0.0,7.79697076571178,496.6286237112044,167.4235481399992,-171.39557918856775,1
-100.2781370615946,-11.102668463236823,8.937206396904148,305.70015573300697,-184.0066693850745,-0.0,83.69299534607224,-14.640953609533343,-230.56397327045653,427.8240384374402,0
5.7199609727507905,-26.057121038262153,27.99876058813389,70.40272728309856,-72.66924445055645,-0.0,-225.937538544601,378.41490888809466,694.9526523428215,-115.48638387035666,1
-179.55120498938948,108.74454524685474,-30.85859382533657,228.08625911643009,93.88170092101359,0.0,141.64794434759006,136.75105629527877,22.641864086234964,-746.7664096674929,0
-123.98195796713848,-19.51648781518873,20.148698385960177,59.58165527254836,-155.19027098413645,-0.0,-247.26559934965087,-546.5939475736727,70.88300840365405,36.76182277321896,0
68.31417682184852,-39.262184073166566,-6.426745358426393,-676.5199082296316,-21.58305530520259,0.0,-88.10904384410588,28.093454954840436,449.9706194978438,214.92673677233554,1
-64.21126837133484,106.71545603713025,-5.483752513055713,289.97831811164775,11.350792842667556,-0.0,162.4835843262018,45.819910048614,844.5891907622362,-204.29844049068717,0
-105.35350415429342,19.34812765446975,-24.549180296669284,530.2862828431515,272.1516691854442,0.0,245.3843790568987,94.3272064416656,-295.8072512479319,-207.21951253504227,0
72.07914313462194,-34.66735176783214,12.865111732188739,176.37876948834963,-37.46264831771629,-0.0,46.918151915921335,57.005245370196135,-47.94679778748169,41.464659412904275,1
16.095358039795258,0.23366021186622454,31.598942619932643,-419.154588292949,-88.36760186275295,-0.0,-16.789514119585416,445.73082583387236,-14.441224111834154,7.04283317378415,1
53.02126564389155,172.96416774075522,-23.946804191647754,781.4622808174888,109.05927137293699,-0.0,-73.78226916277075,376.94994332447715,541.3981602565907,-455.40273383755255,0
88.72549249289996,-54.29406933351434,-7.126898299432825,320.83111771488115,-14.129882025690398,-0.0,-134.67040845448358,-37.33410593672961,697.6764955923633,264.2109686389879,1
24.51737463243518,-132.0848005003165,-20.051384600715743,-597.3245699500536,96.7084814647616,-0.0,317.72064085689516,-824.3485804098715,298.9971133502202,-75.23700160149149,1
-135.4021999476686,154.1919219367603,-8.510354402467692,305.54432252262865,-48.276535530207354,0.0,-802.9175898017223,-96.97493797167866,722.1654014599881,275.9370530811094,0
-43.187270486569865,4.059413648013235,14.43775733747907,562.0197455831465,-1.5039276817730198,0.0,162.56955963397584,951.9235049889471,-486.5012102627885,540.2392428644422,0
-175.63003923705443,-81.69084483537227,-4.730448279162353,63.38062568815923,21.929768738679325,-0.0,-147.79486217485953,258.37386258402006,-461.7694964509043,115.5099197857075,0
39.075444629367055,-57.24983186595112,10.941103084769788,178.64208433469898,166.30106634108802,-0.0,426.56227237251863,213.21759969306655,-191.4951654479266,-137.1462564267404,1
93.51701355267821,-51.957761430584796,-17.94793606966907,397.72960505215116,196.95419622809888,-0.0,174.95823267485991,-667.6653536172316,-15.90674098311015,-317.2238127149556,1
-44.37640261517351,23.303357697046017,-13.30242521912297,112.51959301835464,-175.52382446983634,0.0,213.68967266330452,-106.77002625160246,-247.88318432527694,-190.9140803412639,0
-96.87778022096936,-62.11626745606515,7.799631884891721,205.45363518858443,22.302242400405923,-0.0,322.4221351331972,687.127668331504,-105.4023183107805,477.58824118846394,0
73.02320697372431,-47.57303012705621,-3.929238972106103,212.79343770087564,236.40565636332198,-0.0,279.14505398135293,-309.862890288146,405.49685019967467,596.3117279270754,1
-74.03416288827144,-43.133891228452164,-12.31124554562367,-150.19873890504667,-224.78124451094163,-0.0,38.39867664622352,-135.05152230106705,173.70504199746262,290.55848647799036,1
122.70454100771566,-75.22216895549798,-17.006483750277532,505.36501791965316,85.85473730573452,-0.0,-117.96350221157128,-517.6923527202658,15.912353636977784,-418.368911273866,1
58.43165828879841,132.683330718727,-8.733050202537909,-62.60240885796216,-108.67511431362698,-0.0,-515.713565394775,126.88813198956942,-326.7447624976816,-88.1047980050512,0
-6.33378570521195,12.673688605241317,-31.286271330920375,576.9636324360691,-107.44265029458803,0.0,-498.40668750987936,-112.69672097822041,179.44347124667843,373.11724957526206,0
21.337149703663297,34.72214461964042,-18.649172441645376,-364.38519499481725,-149.83936567731072,-0.0,402.2807439131755,-59.67129674355882,163.84485337086218,-168.23103990957856,1
121.89263149731752,-28.290997389017907,2.631665244977409,262.9387528032762,39.185251901994704,-0.0,325.4066345516075,-1403.7840872578786,243.59544904496238,-565.2303615989729,1
-34.5716293964651,-13.188851828282992,3.028427601126665,-117.44538604008567,2.3105783690842436,-0.0,-164.74349572141935,636.9806743166691,-154.86594861887568,188.43150499944585,1
128.19909677269908,-43.45176047823596,-28.164362405911408,444.1156284970008,9.065545919435793,-0.0,46.57925346383022,572.1566964751238,346.1570439909863,295.77481626513,1
127.19704179426864,-91.27571341669962,-5.775123547517019,-480.24692075516225,-121.09208667800682,0.0,-169.06225841796493,74.59394088841985,240.04730885894702,-62.69970906289472,1
159.79998110106007,-89.74727999188028,9.802679980530646,-378.96790971055987,-49.332980890625294,0.0,19.211678451177743,877.9845654976111,-417.8745027587085,234.70326908523904,1
-47.06187542511019,-55.60062842505111,27.491061350804667,-67.75466816807626,22.87197029207579,0.0,-31.67142210247916,49.41370096176566,-30.887863042031277,-51.48785957868496,1
-71.82955124485082,94.51479895342501,-9.86954651155674,155.03198681870535,116.59589956861733,-0.0,-248.75276554619035,-296.21191510163356,146.27788518718066,310.65052151881576,0
-28.278235892354445,47.421207889467766,33.407577467289855,682.4865096293995,64.98313876175828,-0.0,367.61024429493096,238.05715205831748,-405.496384190897,434.91771461493124,0
-42.41975198187952,152.21286310720703,3.594492324572016,372.02345248442697,123.52329104426839,-0.0,185.67291319861883,-418.9217516307038,60.18942087284352,-131.09726086299528,0
25.667906271722593,-25.70457764672743,7.575789980782255,95.04617530152953,54.85795182550118,-0.0,26.009298507138514,-334.3594834167834,722.7537173605762,216.9424176601631,1
-8.795046598772297,-71.71829875358425,-31.31226107015879,214.0544175516639,84.72370801919163,-0.0,-25.416891861689365,695.8072512769567,-44.173118875235225,110.36324223288247,1
-1.8711128973788167,-43.01275848231008,-17.005860253688144,43.53199476272874,63.21619369665932,0.0,-592.4726169096749,182.85999959879902,-190.45053198693245,-550.9349076228818,1
133.90468527633703,72.90538848497386,11.455051553838235,488.6923049334481,51.806290556608594,0.0,-152.53930348873598,847.6855204744538,225.74112548883681,74.92612700838819,0
45.80558143404291,93.10439497305205,-17.709982912726396,454.71162145056036,-42.642065701420464,-0.0,-110.4432511824322,-455.72841749650405,360.3317720264398,-269.62850580662763,1
-35.25693388307465,-3.062193275875615,-17.75095090166178,-444.1960296182735,71.19753899689924,-0.0,-112.15915853606468,-224.65922495508593,-328.7363384191868,-253.89957965587334,1
-29.134923367049005,54.636490124621574,14.514312806275994,608.9713228928595,128.97615727052815,-0.0,-269.10435661735335,-1023.1686069170111,475.00231703225313,173.2740896394265,0
-113.45289388557399,36.45179675556991,-8.214848277572095,249.26084787133925,17.01750363236514,0.0,-323.67291243404117,-461.3105569994118,90.69564582848601,152.54722175163369,0
102.05548347740702,-74.94252454916291,-0.9571637656771368,409.3111745411695,177.2743649313694,-0.0,-392.9901791112414,231.56626364034676,-260.4919459305663,130.68166321881256,1
-64.39643655289589,79.52260386430628,30.911063529680423,100.50731443666437,-11.36869420780255,0.0,-60.39805003795144,246.10015764101732,58.87447769425124,553.950542939594,0
18.103764224641047,75.25464757302626,18.74286603138674,149.87066504595185,-31.544434227098083,0.0,-28.547804506087555,-293.69959131377783,-285.3647907287916,-458.5333837787881,0
-15.722056586647351,69.40551143236547,15.701214116085909,587.0930498610107,79.75793705540072,0.0,-474.9602830913859,638.9921345051514,-87.14330781736408,-230.6275304973692,0
-170.31163927880485,-46.58437343218936,-6.5693241851165345,286.28587231928395,-8.482083554782356,0.0,61.611247121898074,88.7099618369476,-613.4955307853728,187.52257650070584,0
173.78536604660272,-69.5198854917484,8.59720654142386,-257.5662215644887,-135.92915767668865,0.0,44.586066784941046,934.3157148100173,21.654464537963065,-146.5126453078661,1
-131.0886621597125,-46.179811710685435,17.69723198342372,266.7725178368535,-204.45088809072192,-0.0,-274.2801428682481,-0.519251181112688,563.5032630964457,154.4675858627309,0
-60.95926788325896,29.6237996807132,39.25573999921765,-168.31994095464688,77.39040491789392,-0.0,-275.65269899814416,-643.4277443938844,148.0875721447124,126.56420439159719,0
80.58630731936401,-52.54915957318301,15.396087320117292,-399.6024842621363,38.37736854422676,-0.0,446.00124607031984,270.27497405750574,-356.5475179560153,155.65979344389214,1
63.055587149095956,44.963889106891685,11.700397773888684,395.7012255736765,71.45988736013433,-0.0,303.5902712049592,-324.59332802974296,327.7466052707854,-294.0299024149926,1
-49.73116368742774,-20.693227346439535,8.364814513432528,-44.4980888563535,-24.122248433007318,-0.0,-261.86380605767187,300.74805760518274,-140.86869854294324,-183.06575380097337,0
69.28385458686208,-27.05125270250268,-25.262072905272486,212.1195568257422,272.2929864702419,-0.0,130.96421552496935,398.4853477610531,-135.66719987524758,184.83718429410752,1
-4.042983843515342,31.18520392960268,-29.47241382340561,838.5318953087439,-23.133420248447845,-0.0,-79.62279001920535,486.14955143068283,800.8404579620496,152.9797666300502,0
-289.2411985435733,-9.833000215635689,5.8314141786621905,342.3047603316366,2.4197543993078705,0.0,-522.7225163989965,-453.74223175557,783.0349147755587,38.41048782777745,0
-114.26180775067228,-30.663137681470545,-4.049626298347087,-355.478019793712,-148.54762011244492,-0.0,-371.3320603311647,-870.7473130952312,321.2173570493395,-105.81758549671639,0
49.149434865936605,78.42603230327586,29.684812267690617,23.38801625374954,-82.63509132392905,0.0,138.97992276909736,-263.27348529438314,162.21024040592164,-203.29047382670169,0
60.73869338839086,-153.1799711492489,-9.08449767095166,-853.1397490194244,61.47008326750043,0.0,-152.30279565161032,-129.6457896946655,-327.91357307481803,-704.4676587894384,1
-95.09348319954746,45.15065497015185,-5.429222783681263,-31.12937538075646,-24.2952856878643,-0.0,-245.71091933024948,253.3106422808732,-332.52857332668907,-109.6487997486581,0
-47.87683235333292,66.74688609954167,-0.6804609541850598,173.24952221690003,177.07007058169944,-0.0,375.87246820360804,-187.36337116827858,81.09060912278142,116.90088386145256,0
56.45419873329624,-87.0943531683853,-3.1320124041012787,410.8174415527369,-81.35564151849584,-0.0,-227.82450705400097,58.94139684684138,-319.10191351534803,-164.54436286410728,1
-168.42855222190332,25.38099838814489,10.582637710978078,-519.7832498808681,-92.19045426207849,-0.0,316.1541100789054,-417.5759966454326,437.0316953327144,-15.16997361224421,0
-110.05625722525672,78.67752111521682,-3.5961635704860337,-100.98787301764399,-79.83978963830693,0.0,-537.2519309558721,-294.6921683848576,494.16857760946294,-128.00554223588523,0
55.86856477858528,-67.8136620766827,-49.089207020350614,313.7132947767072,129.7342910658431,-0.0,761.7845581868849,-293.20539910418006,271.8836052175881,419.1209818026134,1
-118.79991726368912,67.48963214077588,3.709565934234328,563.9067817406794,114.19929350183727,0.0,-246.177863989886,-364.3099830785769,464.2990693131429,-311.4792534280314,0
43.81829362442669,90.4277930225477,14.747322804925313,679.2745960907968,11.40925518611284,-0.0,-69.56088435504192,-932.9917688735637,73.00861432739455,-530.5869625002398,0
-90.2331540755112,3.045412452359775,2.775394773655079,382.0258660561743,12.393173701851309,-0.0,-517.2904722057474,-334.3879663172191,-319.3472513496146,-333.56093469873326,0
-91.18009407624409,152.96966047046666,-10.260864206809098,294.77016395410845,91.81802981959991,0.0,421.8958583076698,29.60047224873888,-225.09371169237073,-651.0826237721305,0
-75.41179862347838,61.07955405585308,28.13384615864304,224.03725317629633,180.12592108511197,-0.0,-138.48326907905835,469.79949318182713,-374.86941594646873,-163.6786150387481,0
154.3196949672954,-146.01547122800648,-22.90500927852559,-21.02451159670903,-58.47681283682117,-0.0,-577.5509703961969,-101.55959918432019,-651.552011573708,-338.25892269180616,1
-176.65046067784886,67.88876138455015,1.8340221437208033,-113.10283019035006,23.671537252063533,0.0,227.13517977780913,-610.2754153538277,-373.3310715948176,-181.0359615518669,0
-47.89361746716782,63.101417109577845,24.33034197029642,485.94811639068024,36.04271529854235,0.0,-364.68168307514856,-480.32402690414204,380.7041793136967,29.105100074707842,0
60.11069879828779,5.931173671624558,5.946070574277062,-344.5516585761051,-28.251539573331023,-0.0,553.0971698970822,-697.2991716291186,100.76262928644161,213.93400810354277,1
84.33951715507088,-24.09593832655545,-25.928902871721316,-435.3443045570284,11.217355839466673,0.0,-457.57731524804234,-521.7706817306279,-315.9549273289843,16.29080109247269,1
-101.91013340377339,26.398186697437346,3.9207012760163464,-6.538791027169971,23.18797639234427,-0.0,88.97165234988995,366.81610569362556,422.5305627789526,222.98867296616697,0
-175.5552508161629,73.92436462174368,22.998036280584486,-34.54742495191521,143.35913577088107,0.0,37.61311688603164,227.2939460291064,-149.52141912680523,-281.2454753317912,0
158.99881075567026,-33.44302486136264,-3.4181205785337307,-260.6961755715787,-58.27094493572231,0.0,494.6064205475886,905.2491375972824,-435.0310063412836,64.29918697110364,1
8.382479297255216,25.959721810765465,-12.405724585077978,-339.0901102927998,-194.90697538077364,-0.0,724.2093662322187,-1168.6408268154364,383.8386401615423,299.143506407123,1
106.5520774148673,-109.5866644257083,16.136797471607498,-389.69616043233134,35.344607945093394,-0.0,209.65518172610612,-220.55284301381994,-982.9893063640275,60.22576103150425,1
-120.53429174507224,-79.30594539547602,17.884115583769855,104.88161049015,226.73588285841512,-0.0,-117.06116503782324,-275.57786834898496,-309.20977983858705,44.15749526225202,0
117.37867798318912,-24.709087453421528,5.8492547729665825,315.98395846234496,-124.44562225262172,-0.0,-314.9991526542601,-41.9810984970794,-190.30348067671457,-121.0187445840026,1
-110.25545937346166,29.60316458128483,8.639108086663985,109.60346005452497,109.76167539532298,-0.0,847.9345501150735,320.0252595582252,-588.7243251792943,65.35934284470413,0
-14.507763573972213,-7.002238443956868,-44.130425795051146,357.5023314801292,-80.21777047545565,-0.0,-138.10358676323364,-538.5089603085416,2.626487567652958,-200.17048167480556,0
-142.76059705650843,-28.168805867946475,-7.965735712498498,-355.3154141215283,137.79268400497094,-0.0,68.09646849134144,330.96184859888893,212.21006912941988,338.67569099169725,1
54.32152775140439,37.29113044291928,-21.286287206596878,-13.640321085905885,-194.19658517524246,-0.0,-392.8297128560968,642.5230537944032,-190.73173364397206,-86.02109323567,1
-82.08591203655143,-49.08180484134487,9.401421132354345,759.7339939174054,-86.57700014935719,-0.0,141.26709997368974,-402.32880262370395,-392.7502587209036,224.18720748135453,0
-68.8244818211349,-107.69918758577579,9.778286906534888,-271.9539758070005,50.2515285370358,-0.0,-391.22202293280696,80.38366892569829,-125.55405325728316,347.18816428962117,0
71.42854459725999,-46.473371186938294,18.287273752636047,-439.14645166605806,48.183371119510035,-0.0,-19.506367123220873,1506.6129799358687,-37.89253851732632,-171.96018379901588,1
-181.6542100410398,34.78421106191384,-12.242825613385529,238.27125722331786,57.76095062653904,0.0,-7.213869493727919,-349.1613632121133,-303.50961041855624,-63.661075050867794,0
79.46496894018702,-79.58611168081731,-2.8486083308797974,-453.6153162036143,-43.72621059399237,-0.0,-440.3081393907274,293.248900010992,147.81000943660527,233.11406991459762,1
-16.38789613035024,83.04157490375292,-7.065642626554481,346.50974351609494,-90.12379657403635,-0.0,-137.49046870285363,-465.2393997369666,207.14766328772927,251.9671216896731,0
174.92093992871838,-85.91597116427354,20.575935623619362,800.3935472270315,-112.60162153463162,-0.0,249.30292722916448,-918.6445268019393,-168.38615328091527,-299.7662294911719,1
-106.23182063799084,52.91831048594071,-15.99005643974646,248.92062924229347,298.9408217509742,-0.0,-291.14224486064427,-58.51162829592302,-284.2847587449863,-140.6218146475884,0
-141.61126313937382,-9.540054017818447,-25.550588353108136,-9.7332579215207,3.361875702307661,0.0,-17.246406138113997,-173.18799453935637,-174.58101811373172,381.90266405807654,0
-13.037948562214908,108.29786523462914,-18.67695615006199,486.5853772522232,40.93295803700026,0.0,-46.75558264827171,121.73321159090706,354.3481451491418,-250.26548771658216,0
-166.45203008839997,-45.15797521018993,-0.21619913956586717,189.93493928396444,-124.48791550141891,-0.0,207.2782518847147,-2.918760180887088,-64.03349333531663,-141.83842889794303,0
115.41824990765261,-102.63260244364191,17.464872244139457,576.6438378014865,-49.23005314294164,0.0,-106.705976591494,502.0721590757128,-281.8469789807094,222.6168128384214,1
-50.77792203081959,-13.627666396290264,2.2125350420449266,-183.6659562850106,-179.4221906094757,-0.0,153.79393427041555,-185.18723993106633,-90.23505147595236,-10.741444038959528,1
169.97452912000227,-91.26808449001776,-14.661132483796331,-274.4132565684675,19.616238615882693,0.0,584.900389108665,259.9782207306366,248.55474317043982,-759.0210553664299,1
91.12659903800701,-73.68570153384172,6.442437673694839,426.3516493523216,66.65998035855297,-0.0,-86.6032712226866,-572.1414037380482,-81.32079667591549,81.27496559776043,1
2.307079567617908,-36.36972450549298,1.262135948722644,853.9986475261674,176.75329695747016,-0.0,213.12976039776385,135.52534281589425,-197.28368000340976,-76.99428367990484,0
44.34766650088048,-86.7745443616672,-4.35772177019002,377.24855192326993,-47.71600484212572,-0.0,-152.25090980502762,-530.5842599747889,-261.48867238607806,-266.53396567757,1
217.38437758501652,-120.35315369266785,-27.392728083957902,993.1472869198701,163.5035928825729,-0.0,-149.44510385129215,-191.95539128820567,-130.84931728155954,14.92897135889072,1
-70.93642250931015,23.646023054756377,-1.3185753197548642,-339.0933081552904,-118.20383898895943,-0.0,-606.244632221322,310.98021021698435,-553.024594985935,184.13829653712565,0
-106.05918090240716,71.75235884044093,23.40222395540033,-99.64512547516688,63.47049376332505,-0.0,139.59128552444187,-482.23414132843664,395.60136623578427,-7.0617287920617,0
-66.47438592971275,79.01915635527449,-7.660765756980829,122.66131718458524,117.72947453369854,0.0,304.25775231441406,-254.12116368624515,-287.8150533801762,-166.4565979693693,0
48.20656295413113,45.314616717564626,3.687913266980034,223.62205722953613,-7.102459573568227,0.0,222.40507850868576,-683.0516523399817,-344.3451610038661,144.77396766330824,0
-171.73493159313088,29.68561753736619,16.764066906963446,184.82054688658704,-18.90081815768721,0.0,-234.6909289050368,1146.606514196553,-414.0177398931234,536.6884000719874,0
47.324185641132125,-126.35497145459728,8.131784414198995,-742.2567326666396,7.993812734146307,-0.0,264.0788523929939,-335.74979188028476,418.02314994001523,-20.565405786880746,1
-111.35684171177796,50.76308760052814,-13.551015511836047,267.20094600712144,106.34127856830395,-0.0,127.57683844409041,-336.06812177519214,-517.2091800252061,-49.98934464212681,0
68.8816942916095,-72.20646883605245,15.296636943706957,302.9275519400032,-37.75983396980588,-0.0,77.50160994770796,1003.7645574778139,-319.78667862007376,-217.7699071440043,1
-22.783178472475342,94.16287501930178,14.641948424208994,118.34331326981938,126.03201264291829,-0.0,-325.8450925421123,-381.20171924953644,-83.02465639743993,-28.726867263476805,0
141.99870176623207,6.40566753434933,-0.5124501351037861,463.58901499783155,-62.10026611181789,0.0,-483.8549436838373,464.0575278686635,-346.5155720529768,-85.47952055670763,0
-86.73679625768469,80.56452969553177,-1.9740097625772102,308.6984025668956,296.51495397185914,0.0,-129.2433893481148,354.23047323392575,325.1601655723874,706.0835849152224,0
38.028519471281044,17.731351341947242,5.101932912343097,745.2178986826298,15.38075662778084,0.0,-486.5022745889406,399.2595601202188,-701.0015034014082,129.4383285788814,0
66.77937191055878,10.022461751292521,7.211107103726671,90.99507663163159,-134.54942214916153,-0.0,374.2351103974176,-651.2215542512877,-294.3364622082271,-76.2633165965549,1
-197.05215907985036,118.5796766576849,-18.248602140388257,213.57616104361156,134.24033289401032,0.0,397.4815618004704,1.372977693395703,-49.12648786639117,-175.8837726561799,0
116.87286192796867,-40.92681198828304,-3.34820253027607,125.76252472942046,49.54609386982569,-0.0,-401.96233593388916,866.3917604667682,142.6796721545695,563.9688956036593,1
-20.054943368074277,42.45034739536418,6.653669079001552,-431.3350220709558,-13.898992899068636,-0.0,124.21940284922005,-482.810219694859,390.87895052387756,-199.28509830145225,1
57.60355890423898,31.465692525132887,-12.526075174178084,-221.32319549999502,-124.33785914834603,-0.0,97.82566185029675,-43.93629489399585,-58.78299854012173,-112.94764403249108,1
1.4059701764095252,-17.731965261567563,7.6894744887955015,-559.430272020169,28.365220493190023,-0.0,-17.927475960372174,-166.88510067994008,-555.5383076730769,-286.6826849785976,1
152.2513015836149,-109.29876103798614,-23.041763400219917,709.2436685779812,-182.73305033841973,-0.0,-430.7506526282542,427.58214079509384,430.0522930856434,-403.9969687154665,1
48.5883761990628,-4.142060425336417,-14.723913875383618,-67.76258503463289,27.700568206760657,-0.0,18.308723151902804,499.92235361864317,-115.16482781077899,-67.23128829881587,1
-141.39731636291094,46.82156315620324,0.06295922511110445,-174.48843887549532,-67.40108590562461,-0.0,450.35281993448046,356.80041285853963,-584.3092458116398,-318.4698752197732,0
85.22088475193264,-65.36503020456819,38.51734594025089,316.29332235248086,18.789306660323238,-0.0,-171.3451014234502,142.70894415229702,367.66713933819824,-310.6482191251261,1
39.41195716169658,-22.845305676187053,-11.71994331858014,-181.01878976588094,-46.9036945315825,-0.0,-399.26692738375056,-202.41668228779992,-477.80606212928865,608.8353230732939,1
-125.28496194947995,-3.490918294884995,-12.113273939977898,-27.612016549959577,-40.1228658907764,-0.0,292.0597103476907,-108.1470702912195,24.100553984599383,271.63367921331303,0
-18.529949556637533,44.613292922296964,3.9190511060388475,553.3674448545158,49.89931744295378,-0.0,-166.05981078924177,-77.53344915390609,-273.2224641079084,503.0284178729658,0
112.74355134371655,5.11838145199044,0.5312558211875897,110.46928904987786,14.032818973242842,-0.0,59.672220011993645,339.3670591100952,-813.1640714210139,38.22742523126865,1
-132.17145875025744,32.809473589238024,13.688355586295192,-45.521632502688924,-209.325987133307,-0.0,82.79104608602496,-288.380701951949,403.2730687262816,-16.781951394764846,0
19.011577172532157,162.67337159639794,33.88138714677223,183.78440342747902,64.20641885299152,0.0,60.39178520547617,61.087771774993406,3.8832404601031754,18.83287705763483,0
269.3520580915494,-42.91858504181331,58.504526459731736,769.8745271176823,21.109725760220297,-0.0,-444.3240728505688,711.1150013584966,505.7760663829439,108.29190848273983,1
-15.43012982649142,-7.60947480960589,10.322175340638113,250.9908811311845,-134.92370547542282,-0.0,307.8597291110145,-21.212109417252872,-190.9717326393344,409.725187368424,0
-7.96805235917626,-12.861566351955457,-4.722662034257794,515.0044675507447,-148.61511889216104,0.0,289.0628130493127,654.298114097675,-369.7919622131366,-199.83640783190913,0
-51.79453060888013,56.512592931423974,-14.176140849612421,337.16634923684876,-148.1443825101904,0.0,216.74919294981746,-443.00435654332387,85.5139315994247,257.96030172882524,0
-38.001020045634725,-65.07973493888414,9.611157256968095,131.52891549004462,-29.858313619241052,-0.0,480.5038836120184,192.02965283683798,-426.72502199551474,108.45039431417824,0
11.636472766774851,-56.03491417868022,10.918084150565964,475.31216655822715,87.91935077135938,0.0,-456.8024115934799,231.72754893737564,440.8213592829299,157.57611961284994,0
-124.71294924524231,83.08237927354307,-6.897573519860683,-97.62696876594045,221.55699702017247,0.0,92.85199003417341,91.24223624896348,-623.4118099308832,-68.06576149837284,0
-110.33338789135716,70.09836135458163,-5.068618824009252,-248.51338795579713,-104.38908883775798,0.0,147.0169244991151,-75.86719023901942,85.61165740960328,-312.923806040772,0
34.87025070957516,151.9613740692786,7.427261741458161,284.4108054106259,13.419328929773233,-0.0,84.02503580966297,529.4270690151292,-24.065886959221938,196.39659422666622,0
76.05077655450201,-137.09290382679512,-4.227460713388796,673.6079182266355,-88.87689174198759,-0.0,289.5599033498435,-439.32466137585976,-367.5566090336736,210.7619234322252,1
57.730128831586626,36.09539849630941,-5.207231038728123,682.3022026980302,0.7330373881676997,-0.0,239.22145818875455,-441.10308562294654,-685.5836815202338,-119.61107850397762,0
-57.38793961531491,-92.29613602934309,12.647045994947042,306.5297824341796,236.0152576684141,-0.0,368.4195107457623,-591.1098973953399,-342.4815284955589,592.2081929732112,0
-97.97645715017558,51.19325602939857,-6.663288774453812,-680.276622441546,-56.61275419477985,-0.0,120.20067063765507,71.63404229666325,-206.27310628888472,5.240436826299819,1
160.9205834004855,-70.63726162861845,17.829105187101504,535.2561277914592,190.2446071186306,-0.0,-80.27326949080337,-574.5539691753403,-129.4376903916191,-174.87556076773703,1
-79.52311277447289,37.54767314985813,-14.550346778599602,-312.401551106826,-123.93544649291951,-0.0,-210.47689877835575,-1180.9374270346302,346.8355201705142,526.5998867217141,1
105.86728233245142,-138.03658128412638,-2.138101357683753,-692.1848247897352,-76.5912176425686,0.0,-313.13327863906943,-285.0612255615336,-170.40709640370653,-115.84295475072574,1
83.62577296081373,-33.039847572625895,37.02107269338459,318.24401455086,-46.54686767321784,-0.0,451.031331695889,-207.8463476513419,204.6630842607663,-98.36851154338935,1
109.79643912352044,-47.4475360001431,7.047970949910738,-197.7142589851724,-96.02168270193697,-0.0,32.74282598735825,-426.4746083804268,162.98013443553833,426.658299303096,1
-35.40414417006062,-45.89424273683924,5.121483951922352,-479.95494430255076,64.78033779218485,-0.0,-46.71255918458944,-308.0628392229804,-52.926223544194904,214.61862191927526,1
85.4921794518165,6.653793072662491,19.234772233792658,-21.023238303522483,-12.75720382017314,-0.0,66.89259922808786,-358.15198041878205,-213.8353612883349,-332.9523911978799,1
-5.5606329958181995,-72.8918802003435,4.5539379233156,245.84839864035746,-11.995626545590339,-0.0,-625.948954044036,-440.8056947204437,-0.718700212054771,433.70760884998856,1
148.48348359114436,-112.16204924557344,-21.6331114751359,-176.59723654533366,-0.48699082900716173,-0.0,300.41463205205235,-1030.2655658128976,-186.21566871751395,-606.7334904972118,1
-141.38474849516464,-43.355954611982554,-11.27542647990455,257.14877036304154,51.82653218862474,-0.0,237.53492666318144,-314.5585697488257,-368.5260168070918,-218.59638469009056,0
99.65855315651515,-70.92893642106695,10.974048846579365,-145.49197014641783,-106.12702993345381,-0.0,-186.46877704032448,-588.353848069452,-202.51967170278047,-166.47466753997338,1
-73.95094938465245,121.59072419423386,-24.66519917861334,314.58657400318316,-3.887996677608779,-0.0,-22.59696391350822,-813.5612654169871,81.43391598490555,185.48443061894386,0
120.53808036201056,-91.91757738125202,30.29783313709131,597.4450425190585,-73.95185065998835,-0.0,17.500019352678837,235.55152916392,284.0686407199509,-15.562518868143645,1
192.9883155504178,-184.66001343939845,8.021287983368312,-798.2668610790771,56.093303620381064,0.0,-146.71766582316798,159.88379824072965,-433.63576731270524,-338.2325352636397,1
106.00259077511002,-28.868630625620575,19.309832875901982,257.98183458189175,43.31478888393606,-0.0,625.9456936890123,-623.3785153339217,144.8296654158094,326.0217761451595,1
74.26149863030801,-50.08822065039123,1.5684396796991174,257.4560645940287,64.9979504476195,-0.0,-368.65130351923807,-119.01020594021801,301.7218350244147,282.97605396418896,1
120.9282214756271,-133.25397008284597,5.974160151824368,-242.12902535160842,-295.91076272574196,-0.0,-282.2831632483508,-406.41863087404664,294.9526992687776,-28.328396426644854,1
-72.86622599007742,70.72867128665807,7.320789674843047,173.79527877771693,-40.15290930424966,-0.0,75.65128367380478,-176.17725988626665,-441.41644532584036,83.7637855978185,0
-131.10038405237867,58.59186242063072,-16.409165601607807,408.32467820371,-244.12092277473147,0.0,156.45465612269587,-476.8702276158982,-635.2164766178224,527.7307897645629,0
-146.844482361336,-1.1030114515242107,-23.25504249679809,356.7368395609409,-5.8885553205756995,0.0,709.5564206540156,-460.6165088376116,184.17305531613846,203.08609107264257,0
89.32799885702774,-42.51762366982966,0.8544716203142307,448.43477759164875,49.511431096807,-0.0,255.98954195773072,-248.71607639705286,86.47332100604523,194.62548401613452,0
67.49379313298833,6.793956913161377,21.788870704833542,115.71567405923004,-29.607725972463545,-0.0,157.27619293050262,465.7605043864213,335.60803033796367,454.8464594800233,1
-78.92344059480791,-59.42371001453689,-3.8271432790676814,214.70818237688061,53.53662352938616,-0.0,-534.2536847226033,-58.35403907691717,-377.8293524211554,174.42066360646606,0
-32.52586414965708,-64.92515447037032,15.843019435474023,119.0396349100125,-43.02411152812891,-0.0,-476.8528549814998,-823.9025927573415,-351.45735526604545,-170.33407256800592,1
52.98012368645388,-22.78356863678639,-9.731554878523346,153.9942201927626,82.36339529669166,-0.0,451.3160363138561,-493.07482483581106,106.32153388204253,-187.10434901616827,1
27.90917292465666,-59.03494306130578,18.141147950790526,145.13743752014366,45.88478133193026,-0.0,168.83806482099442,-1040.2630775684424,-244.25107280297436,-356.1923760597796,1
21.81623870109081,16.896461917147693,8.913604886941592,498.07969833210734,-85.29559602015023,-0.0,42.5315080007618,-794.2960343422533,72.80400694469672,240.0547258044606,0
10.47467917775901,23.467266522254477,-10.796310906421892,474.3510564590975,-85.10787539322669,0.0,-479.67243679095844,24.207949422849484,-152.01673868416674,-193.71098410448204,0
12.397913332117009,47.56572385726392,17.128869468663638,699.9642863007601,-7.608911656103903,-0.0,406.0212216205743,-111.78606575895057,-758.4724625821952,270.5180025155406,0
-158.9177904175081,-64.84284324538645,1.244195323493119,96.56082226574097,44.18081381136251,-0.0,-174.32461801464098,939.7350843046208,-13.391285814422393,-370.73604323071487,0
102.86341838197251,-103.0715417816048,10.715276692295753,-116.8323739204073,-140.880875835134,-0.0,107.11379252691935,157.83729470061758,367.52287373325333,371.74214316204785,1
71.59788413550457,-98.83044601846069,-4.2976175997997395,464.280446507425,12.558991380654243,0.0,630.8383968405514,-12.997244383315696,-223.72544359301986,-534.81996984331,1
25.123167052484188,-17.103167726009726,-8.092204348363474,-427.1577627031653,10.932987366375274,-0.0,-150.79515907432898,-571.6462326559632,253.27887697093826,176.66997157464598,1
-134.02975575531397,70.93011172272836,10.068849116313114,29.39889911188526,131.3129114788798,-0.0,-261.6020325062836,48.84669549391208,74.31740817940978,-333.2987837933863,0
-142.89337805956026,-56.49421910884169,4.651452663584491,54.93341558606975,0.6715606917274224,-0.0,-100.06516985197335,80.38604888069435,565.3613429160961,414.7434483421008,0
-11.939728350638527,5.117965873749241,-1.6333409733831352,-216.808222453092,-112.40498037281368,-0.0,-191.28199528285336,-673.9461821723819,-572.9748408865946,-158.90018461636768,1
-23.42502719317776,115.32231810964535,-22.317672490126313,287.0669310254949,-183.55456334461496,-0.0,150.8319012856373,-760.7664247829475,864.2751814390588,-498.8150749445967,1
-47.831710742282226,50.962367632731706,-4.157711739857963,-511.99205247576924,-194.91313229032258,-0.0,-215.50929289034127,470.7841151606173,333.2998675986986,-323.5031015286373,1
137.2667266153936,10.645798926216916,-14.022934410892924,171.4822028364507,-81.5100741077926,-0.0,-246.58784480267238,12.348660392316724,-111.43584645686694,-627.4617301661896,1
56.00949813027791,17.812186654269794,15.743303244984144,-32.685444724570615,18.384561455684974,-0.0,-238.3081952851679,339.409527907714,21.00840399888505,-191.0925029339609,1
-134.76062090735203,113.84222565297904,34.14127442369404,-286.38341110682876,-336.34926120259325,0.0,677.3206653940841,-786.8067795329778,-342.80062260449347,-46.62226768411464,0
-83.72031540566041,-39.52516098347262,-0.2753358702378013,221.01952391846848,-186.01212941909935,-0.0,-0.8359821338332918,42.47599243798955,171.02044940020977,-377.24299755586264,0
-145.34085541903175,66.8127548286559,18.396842802146434,725.6910654235622,-186.74282551671772,0.0,-412.9655838737329,-443.6699343240374,-47.72159132577806,203.38984757046612,0
-40.28668871521776,10.671163195031973,-20.201108763524495,-406.76441692200405,-99.8252090459273,-0.0,-45.66578083619936,-421.06453630828577,81.6195267713326,399.13832599939127,1
59.79968169276692,-13.032874167579163,-12.054264112674645,-134.43190251184973,88.83374644440238,-0.0,-240.2441908327357,309.56926286710063,442.2237529823104,287.4676599362026,1
92.96994131874135,-103.03182572787381,14.412696032556719,608.5367732493505,2.0347491533480877,-0.0,-265.80864471220553,241.60894081640845,141.50761064659264,-53.05224203970135,1
7.475964545050831,-29.665935496256,-42.985156020588796,-40.112193418059576,33.30594003504322,-0.0,-122.04148476546793,630.9893221141587,547.9696542731776,-30.940653070502222,1
47.382225102026084,-13.414171881428379,-19.61183837477096,15.787637709812156,-217.1285792280787,-0.0,127.28184536334885,-178.8939445102293,57.49958211766611,-355.4041332882444,1
136.2934240824125,-74.56259842789416,11.061173783885097,501.36841336627606,-10.096209633293572,0.0,517.5023123793871,1303.478160294142,190.89054003012305,97.21014649093166,1
1.7905349391829741,101.47137830946235,-8.181711140290272,376.4289700003565,-143.96307170428895,0.0,223.4098335393607,554.2450673248511,28.01905980961016,-225.4848429555336,0
52.00290792969284,-74.60442788007373,-6.4556874929017285,-296.728435305716,13.704662379661574,-0.0,156.2893326690899,490.4225989002709,218.466293464545,-498.0877821440231,1
14.904814549442253,46.63437793802479,-14.489631694701556,430.2336161009003,67.61078111730349,0.0,-80.13712444295084,-628.7361635518807,227.76822479643778,-134.77621041050503,0
49.97105551203257,-34.89719030459723,-19.918090248959096,183.40787562685864,145.1460815340202,-0.0,-44.745914619864756,797.3562761674547,55.92221945681275,-157.71039811838668,1
173.5494373028361,-175.95957089322056,5.98883650796827,-228.91476782106736,-31.004835139959646,0.0,280.63912954031235,-153.12610999830952,-136.7989429393465,-192.20329278392657,1
-54.48272319360935,111.97581579839199,-11.685228257794918,197.61459767051298,-178.20127536922962,-0.0,-552.0519500877202,750.5403895327797,126.68032414287981,22.661434615649902,0
-85.60566372078911,9.403217205723712,11.871543025151587,-55.32129630424986,-150.81634801485978,-0.0,254.89880258881658,1146.8981178396264,-34.327241283043726,-216.8765293631813,0
25.830428830224356,-51.039068463256626,13.71569435443327,-479.9553092163043,29.985385346743563,-0.0,-138.11943051698364,488.2261419749889,175.7099873631899,-320.64320381237394,1
62.1448954490922,-32.63127791538765,-7.51776115939887,-548.732964427686,-128.07922363416947,0.0,-61.47964660331014,-860.4246892860428,-909.2256859173555,375.6466822991465,1
-125.78842915574207,62.074779095951335,29.374433941010686,589.2909978034988,-45.74342549076397,0.0,-153.17475405389536,-100.17117876054549,-476.18387846261885,-451.5430427412095,0
-15.717722706683602,112.09425546786916,24.078408324000932,33.08308877299931,78.1622096696199,-0.0,-49.724532635751146,-137.4847569667964,-474.63188617063093,-383.24195584321996,0
-181.51881764543057,101.64002431190185,-18.737472745907844,-251.85637002493908,126.15273524252167,0.0,-5.302168635899868,-107.70875372843999,10.082836128364903,247.04022029643465,0
-144.17122854873588,-7.256199755929961,20.458261550774285,257.1900271154851,-63.612118026410336,-0.0,-155.70026852881392,248.35287724482907,245.37413280406614,238.7640921128139,0
92.46202460131147,7.086256143565967,-22.725248062594265,320.0821385275383,-55.96290947178207,0.0,33.252371273852894,-462.2739073129497,-306.7386673028137,211.59603185584822,0
-12.727032484490094,23.544020739711193,-15.362197528745513,254.4211764665582,139.47317261025495,0.0,294.7823629427518,-194.03875423810547,-51.08862288689129,-403.29711674483724,0
-144.85522199586066,96.04112196741139,17.22637696612483,281.11514147997406,105.76372919755617,0.0,28.677249598228652,181.54966641332172,55.14206227529876,-73.11586662122096,0
129.43823641293812,-51.1110305767576,9.657589655751979,375.6877894100621,115.74211158575267,0.0,-358.7221253131006,-8.213575003972332,-324.6670844282501,356.7801397536151,1
130.69319703830976,-83.73878294574689,29.37323365347539,539.3191168833018,-88.01600861467185,0.0,-77.72624077712997,-45.510991697588146,477.59696881899544,-135.25300311865567,1
-141.95556882245856,-38.65835323803722,2.3397706282534876,307.4960025640767,-86.74656095683164,-0.0,-174.50901490391155,561.6015932780092,-192.81108813355573,-648.7770192033687,0
-117.524552129797,125.20121305306235,-8.21238286115901,-144.98336334378726,-0.5797571931500185,0.0,-184.85333500145222,263.69729598324005,74.25828986168997,144.4318442203738,0
-67.11577101648788,106.25684532601572,-3.824064863620565,512.0922913902614,-12.3460569792309,0.0,-341.49106909839156,-225.5092320876199,484.48354627978676,-88.61486735906007,0
67.3748966535788,-54.838192943952656,-6.147032449905886,265.8397727400963,-56.78675686289358,-0.0,2.5012052613749627,-441.9096289540115,1.288170916688218,219.07585189020912,1
-64.52878750974324,-0.48427702254693505,-10.33027544102987,500.35471227810575,60.46309569466877,-0.0,-135.99607137808547,368.33531750993177,-266.4064972434669,6.9686100757184235,0
0.7770673902247829,22.285910853164083,6.60932656482085,317.5288356910441,-39.620173007513614,0.0,28.282905687642717,-44.31069305208019,-908.6678607186617,195.55150642743556,0
55.59678604072702,-10.170504283431121,-8.391848408353127,-1.5947377530091051,84.55133477778375,-0.0,31.777324028373272,243.89344916210663,-142.90635962452677,382.3001664807907,1
193.69054553362687,4.633972158004493,-5.116033099302562,363.4459604017501,0.27665529812661005,-0.0,259.4875251642204,8.178976739934743,-311.9713720058008,-331.34460332711444,1
50.07604586548412,-22.385762440616027,-10.754232252576127,149.57292179187624,-3.2936317583930053,-0.0,316.7144462063674,-231.96744711939564,261.9750373913062,99.95093653509994,1
-124.91493977210565,-36.40774624889382,-3.230914941536912,-331.08541748583286,-66.60999070255204,0.0,-642.5155438980632,-669.2858950618348,82.35883069315902,220.65278388238752,1
-73.0409976929104,64.04506490453521,-25.97133727842576,9.622597891245064,15.208327188579313,-0.0,114.307457795802,448.6262728551652,-733.3515593860823,-55.74084747556899,0
99.01729268071836,-28.803841096998866,31.91124079365728,212.0873998484967,11.23677742057387,-0.0,233.53613757686378,-418.4947813346531,256.015839169821,-174.05653634741452,1
-222.2631403986622,-12.893563146092031,-20.56715022397015,538.3322227362339,57.210127579143034,0.0,-253.09645401922518,672.4292007104257,16.751798661297084,-143.9887712219365,0
169.5621863552114,17.819444220174244,4.334059608040001,243.57001569999622,-119.73550797182574,-0.0,-288.57054095690455,584.4618156177623,326.36750702928714,-82.67147789140692,1
47.92095479723841,86.3886227323462,-27.675166460843997,323.91920179796415,-82.61973172717926,-0.0,102.28242409211464,213.2135653251878,384.0825558861025,-21.47623953686445,1
79.98188433658645,-29.79511087433035,21.889349354732722,-118.6916289691997,-120.38724630519599,-0.0,276.2599609677281,94.37250724637697,-798.5957820124764,331.71725668264355,1
5.150761994628625,-56.99548794984017,-7.900245444568473,90.2157334244255,-309.33356746092574,0.0,552.0651746462842,473.08946709167543,17.16084246480639,-29.47276997583163,1
106.16721468511432,-202.35232151144362,4.306982187042425,-797.2630656164201,32.54663453744066,0.0,-60.62685612296495,-1176.353640965508,496.63859457479407,255.40403355817233,1
113.37348987631366,-12.3272517383273,-20.368073405622074,215.45256628807826,-71.49035826866286,-0.0,492.61682485291567,-416.53747470319934,-192.04242527354728,-27.820683708355052,1
34.62233030895421,-44.535772381756196,3.3031309782846883,418.7166252688854,202.31644656186074,0.0,-290.48076240505804,-607.7503387697728,257.3987691236701,39.63507555492037,0
169.34571704098985,-280.2180499376235,-21.400167555353896,-365.6174718649905,17.768815907895082,-0.0,-380.8952035765971,12.979629832037315,497.69002130558863,-292.60294894637207,1
54.16855583018707,19.251501243509047,7.904122089006954,-260.90253674893216,-27.25675141724876,-0.0,-97.27442167372216,1371.1102870302145,-298.9964425055113,27.192176883012483,1
65.5125193674347,-137.25663667780674,2.0945796565457737,-547.6884539892894,-30.939385832515953,-0.0,-97.58145890458128,234.90297149432087,431.033816732064,-554.6211997411065,1
-63.077245793880394,13.992120477740151,-13.209654466884933,386.24724289884875,-104.47309919022032,-0.0,-217.53058736958886,489.5696592281439,349.3464939050954,299.6197764963524,0
-54.0154198000976,-29.288669724910665,16.068904444162392,-142.74446471147877,-222.56519016642588,-0.0,172.43501324654994,-418.12777964392103,28.09467211755055,-113.95341498238557,1
25.871181292504453,-40.040265651447896,10.694666995310063,58.93782193800409,62.14417668698646,-0.0,-104.81005619574003,-724.3340912942473,-223.7301939176411,-331.6633926448556,1
219.54546454803,-100.07856582861672,-13.503815475733104,855.2801341394403,-53.17496897392404,-0.0,-681.5354192543545,109.70943535970206,-394.481107372285,-583.8717727312436,1
69.61814116931028,-59.03841760463705,-11.849300566491172,264.20227443700844,65.22156695923739,0.0,-126.56717516995802,693.2205256412828,-387.48465439604854,17.32166756959956,1
-105.66066794489932,129.4328025918351,-43.71769258391859,109.68751271342478,219.06060810906015,-0.0,-424.81585842399755,-1048.2761716335617,-413.3302139105317,-456.3137437302672,0
-6.686683445014227,2.7193115243434836,-3.9046791365628772,272.20115847771336,-60.826745262904616,-0.0,-364.7184266473087,513.0314745139902,83.31711385702202,-340.50374695407413,0
-18.001326101711904,-39.666661075606235,3.5427295939866266,482.7935147699804,25.78702927455669,0.0,66.5231252447343,172.38570673263652,188.739428608069,-133.8704059082867,0
-19.52005437558077,-21.71201637436534,7.635657593713716,-117.7380655936356,-38.0628589888379,-0.0,125.95653936658273,-553.1126415366468,179.26996319392296,142.14453393509265,1
-134.72071499290573,50.75495575532918,-9.785830865469148,321.0955816271017,-86.74743929788578,0.0,-433.99594231549275,252.6886806564582,-626.3560186168241,-212.48722125662107,0
24.195197780992842,106.11503865786197,-6.474860431865053,-101.92043970983813,76.13631095214784,-0.0,-233.94862868309986,-610.2655458184171,24.797117393956395,305.5549438158595,1
109.27786408175028,46.72096795351224,3.9684246084122075,291.6229333974704,55.253181354413286,-0.0,-511.3106038904684,-18.5610342385506,-369.3134734615288,-452.36173722966896,1
-33.047837047383275,49.90163900225444,17.418554863549065,-264.09274512522177,22.365789640048938,-0.0,303.90871699460246,239.9389954676218,409.9830793089777,-263.7066826979758,1
-63.91386649543679,79.91413796979906,-10.165530358930859,-292.4446632235097,-121.45911145866283,-0.0,-42.6228106971192,-807.716327143221,-625.204309848739,-669.3795105274764,1
-55.71316762738056,8.878885442441216,-18.466620777521825,82.26882329862087,-163.20346886756602,-0.0,101.18443206747567,8.881751660898187,-355.9517704911187,-185.00929165995922,0
-68.01997137234768,46.79035874825991,4.500379761693396,-105.64209726551681,151.28536696595214,-0.0,-26.473645930858943,-28.45410554280831,684.1762427783104,-418.67356318358685,0
-78.31934096565892,67.38593398650372,-11.167910553383502,511.2112684219157,-230.2257068911099,0.0,149.51269407629226,336.2165090253196,-213.39084316509803,161.4031419072135,0
83.2170313928003,-28.04937630106238,3.246707509332819,-540.5210021154071,21.904274940496233,0.0,-441.06507444010157,895.389942393727,416.174547052862,-179.69221545182867,1
-58.922665764250965,115.35055186234858,25.780731592992467,194.7664505064008,6.400941074032636,-0.0,-353.97435118202543,-75.24770068835134,-293.3724411382256,11.11969615063713,0
-91.8796951871865,46.355891664005405,4.866827281655384,272.61440089372235,144.12402480000773,0.0,92.51155193504576,13.712586215678163,-355.24580903148353,-5.778419216619862,0
11.672749302175195,74.68801101193804,-1.8470926922805606,-168.26076073589346,97.3189449845625,-0.0,259.6740260459861,39.12850592777176,-143.21222420636855,492.115101660439,1
32.16179054246145,-11.905712225332845,-29.755212436404655,-79.5125962366445,-205.23554223235558,-0.0,343.13255741760196,-232.47848719880486,-579.6629574446948,-218.63464983147955,1
135.5547856136883,-38.196382769578726,4.934856854030963,100.29800451894947,-6.697592045933504,-0.0,37.39472437165528,105.30491697235605,-103.0876350375972,284.9089647384333,1
78.74219827274248,49.003875054600606,12.382754574653289,143.38553241390784,73.83391579585745,-0.0,200.7507975199879,-86.85833174678852,204.757985980866,31.59505514937168,1
-33.32784576136726,90.00749855428552,-6.6850138694736945,288.6269170682012,-83.07972100924584,-0.0,86.17574328227961,376.8456742700333,59.84300201540776,-120.31659625398828,0
-78.27618486949775,76.1980816241748,-12.801289263180246,273.8489279303007,-19.005852342832256,-0.0,542.0019916492737,-81.91239082510107,54.400692981253634,23.15921570895136,0
55.263511252611146,-37.969633886817334,-0.13734613594047923,-36.492065547528135,69.21018969679996,-0.0,556.237180904427,-430.56309323301576,415.2559112689768,41.951684559982155,1
81.83662700317649,-65.88645739510956,38.806035618763865,343.2112458520199,-184.22897624428296,-0.0,67.16443000737449,-0.7841862995575003,-4.560120399706849,-272.08190286957006,1
-137.26596528413097,61.44780606366242,-2.7516875416088133,589.4055659846059,-72.0704633747828,0.0,272.58853548159976,-67.54027390084356,485.925317760437,-167.10887744818538,0
197.02254773102112,-41.96699667402154,-16.313083285196473,544.7457263421106,410.93595736569614,-0.0,-938.2543097393609,52.92126435745659,-32.30638033710985,-55.434688706397324,1
-19.924759396209314,-49.12034183658442,-1.0026684783641886,25.292470355502346,41.99610152810445,-0.0,265.1046319425866,44.57784012307087,-246.92618744975618,231.8658114387319,1
-143.3171218233753,51.99668196422654,9.822875401829634,-104.99012442038341,196.02373845063465,-0.0,4.396661364963993,195.1461814800394,-109.52620895898258,138.24671884447866,0
12.021707731627469,39.092596437934034,18.419587575088627,-196.738938803,-101.69075536604652,-0.0,71.04196935354386,-536.0837033126749,361.41668316978235,71.13099878696205,1
125.88692332435579,-128.20712818242365,19.89029114694108,-188.48495771919335,11.45582882035037,-0.0,528.2264711921914,-246.52052975276575,-570.1972952009081,346.1622831227335,1
39.116073326182374,123.5120647109044,-0.48351082793896666,760.349368374544,-64.26268412054084,-0.0,120.29306368639594,-236.0321845395808,-22.374714846568583,-238.32246928770445,0
-104.11696040354084,4.313978129145112,13.832365912231493,376.3846016269187,-2.874785687355672,-0.0,425.58080436945744,-197.39261425157935,550.2845240186438,120.23698314417675,0
-62.561415781845966,105.76981539367715,-20.349932736943675,-370.6418195743174,-60.80034687580121,-0.0,228.9340137568818,-257.9820236815445,-218.89837115273872,-46.244658636262756,0
29.170716913609297,-62.38266575987375,-0.9169676637297658,610.795390569902,-10.808303623667346,0.0,-254.59485394016244,682.6102331708796,162.2174995345058,-562.7835351364328,0
218.56363373589005,-21.84914836693161,-8.34499204857943,440.5261352104064,-32.46413691057116,-0.0,-262.97320925868945,825.009863195939,184.7239681944643,445.3398999989603,1
-70.43909100012002,43.999181487798765,-12.147729840613083,351.8569391511751,181.42889787665163,0.0,-434.16051599485013,73.73045340706565,-115.56590323043446,150.3923758700116,0
-72.77627984668457,127.72049341507393,31.07145843592467,-626.5471519544751,98.62797024814085,-0.0,276.35461591112534,-152.32302497604212,239.47694567618836,-617.3129410423477,1
-104.0431969492192,30.4853122949789,1.0690254178413343,290.1218722557142,-98.79278717619034,-0.0,357.8847675983145,398.75452899696546,204.8595633877382,96.72560347721337,0
-37.643305466460816,97.88397736537719,-3.4420178508546098,396.7240476938819,38.966331133048854,-0.0,-182.33845822409813,89.18276680734657,-849.6634271072762,263.779346947625,0
100.61914269508638,13.540063745662433,-0.8155135179154175,99.13204776073847,-143.34321543189893,-0.0,-399.2751543353699,212.9827067686765,453.9504267531076,-42.18165758872051,1
34.383784846430984,76.53183743090247,-21.066386389619883,-129.42849968705568,-80.22096167204734,0.0,-126.4585166093037,1243.3154140896008,-592.8956342078711,199.39541263385888,0
-68.12093104444985,69.20470111106202,-25.400659389314065,693.074680282142,-74.78530290920442,0.0,367.64666749529096,170.14113798139334,-326.82058994767635,-174.58453353845283,0
-152.84455418702908,77.43721869929061,-4.7542650959760016,59.93047429600959,-20.189783079045128,0.0,164.56421116162971,-589.7376519063627,526.9994775379706,196.51588985916388,0
-35.609461781041844,149.42660230358993,0.8865155250214702,188.61237788625544,-124.88494224839016,-0.0,395.31628649193027,296.7023509131963,79.72606485379083,237.61173959261052,0
40.94509085153494,-79.89795515921782,-24.525582379290913,339.79321351795016,131.01652217253383,-0.0,-110.33736353639928,27.988551554632718,272.11769671608613,-401.6088154651837,1
-45.96754101967548,122.60682220627726,7.184119245164057,-213.39950969510474,28.123203649649202,-0.0,-451.3960533866314,689.2109992790375,209.97263701315163,-95.63717413755245,1
-3.2958826161165007,8.375878630187337,-41.48490364220091,-193.21013405210743,-57.93080111434282,-0.0,367.6409726040204,-687.5573979257904,-77.99126902544538,522.8256745732136,1
-51.94890331849949,60.76302481522874,-14.557567862325563,241.99031351597165,38.43159360270789,-0.0,-287.1767422443684,-733.2627792882814,-141.12618328403667,-156.7393357885255,0
-159.64797539256864,101.45317091817428,-3.8866179831445344,106.17246969773241,-27.28351877247492,0.0,58.07210156764826,235.16881973596952,167.70445255121584,-220.87174245435418,0
17.146124451356837,-98.0581326303166,-2.3044021384809747,337.28632701319714,-58.926631920158584,-0.0,174.56507429641331,-481.47468433696736,-105.90339159461422,-92.35387253273429,1
-159.57463965338303,49.20165272110699,-0.11910876261163493,-520.0257942937443,-2.5995448557332703,-0.0,-292.70914581593394,-370.8417753752488,254.3833098761551,-476.09062287201317,0
22.816096362663906,-130.8371364715597,3.664545397793403,434.096392693571,160.72155301847312,-0.0,86.61470133859349,305.0713113172544,-322.9322642653414,-182.14862376493656,0
158.74557169970348,-51.494375596296294,-15.704502312313625,584.1669201608441,-85.12594218801509,-0.0,54.99785599265625,-337.11416085467897,124.66914342862474,752.5125815585297,1
-2.9254955804604865,-39.86047753194402,-1.583870321975017,-56.395037696221536,-56.729174555475474,-0.0,48.63639434375656,58.25280524449773,105.06500432310857,24.243399240920695,1
-39.79286283133862,5.5211479441590114,5.392031647146383,-832.1978197322987,-81.03430306734693,-0.0,-185.2864570153429,-140.88400256805016,43.61891083289101,132.412630157184,1
110.92588439267956,-95.25445736725312,22.69436383331433,-204.3801169535294,-4.537108240008759,-0.0,-47.225462394124655,45.98490552679585,199.9548030412413,481.0972590014469,1
-230.49031704507348,117.36329839654368,30.698702045554256,-405.9052149198007,-36.11377840999245,0.0,-288.3280126103177,-34.27053541130251,147.41124031566184,-145.61282877816802,0
160.3395109871285,-75.5734608762771,8.666400641974713,-495.0414920283797,158.75940991282917,0.0,-750.9112359424521,356.7406207694814,50.40924929024352,-247.84679770976322,1
-52.720622543066575,29.093297799381904,-8.561997522196501,350.21982770118353,14.75481816922771,-0.0,41.93682364194238,1359.6779626864059,-162.0994604489435,-66.82074357041381,0
88.05884202062371,-95.25090269561896,-27.28685494865832,-573.92179227424,43.16504291361563,0.0,-56.73229251746649,19.787234131998627,696.2327155131342,8.572911822268894,1
156.96368553807554,-116.07041038748281,-9.267988519047169,815.4094933073285,214.9185070013318,-0.0,-75.16862726888753,-1005.3928943309901,95.9356985128033,191.77605569411838,1
137.4261174725704,-9.178396374434325,8.348646040645338,166.13288268315563,-44.5086007599241,-0.0,-127.30928812951795,-352.2175652442503,71.23268772618252,51.13820975538746,1
-60.86149835109927,-71.70695426839242,20.159972737278714,-416.9395535610419,6.334445794393854,-0.0,128.11229754175073,-539.1185979316247,-167.5446432384226,-241.49039488557062,1
77.67852543300872,-95.52973383933998,-6.241408423319237,-474.02329353386364,-106.18839739855677,-0.0,336.88004953308416,-495.44540648129026,660.7196254125637,275.1794018124646,1
206.35262419375445,-218.28571086760724,-23.203598319380884,-311.0996403603925,-21.55877953671403,0.0,-666.0333988374737,199.66590635351713,-387.14582619246937,-370.02790933569497,1
-167.90158180471133,-35.13166630046034,1.8828149353760313,275.41417793086447,-106.4896563939168,0.0,-373.95973322896947,283.55170268371614,-139.45583798306725,-326.90454779814036,0
-49.81171073591008,127.4148711746714,23.956999721190407,7.5541777349510495,34.737738373047975,0.0,-29.22576646630933,304.35610734845574,-83.86762615887743,-193.32349660654899,0
21.126243030294418,-74.9644358527649,-4.068908131976167,-138.42915705423985,33.287127441934594,-0.0,588.4035580741377,589.3708694831196,397.12733696605966,466.66321063413557,1
228.58705096172218,-106.19322558755461,-12.218971849487884,378.2310867153204,174.2673306730781,-0.0,208.5005057271173,527.5925758889957,789.7670319678543,-202.92797180345232,1
-3.549719281421429,29.633429431973177,-19.05468199173572,824.3172677491606,-215.89610123215286,-0.0,294.7876988850628,89.26642336805791,379.20909034074475,-290.4516087743398,0
74.93305804326779,-83.16374731266717,13.530653544876978,406.46837082302915,-79.4622394059636,-0.0,-448.137398359756,-167.03314373132497,176.5571626616272,-276.82299588021226,1
138.0800523512851,-141.20601569769335,-15.52292875235536,-247.07842596737407,40.5808936677363,-0.0,211.30351194609173,-495.9006509963556,-674.7127746446848,95.47496564092621,1
-137.09121220061604,95.99400038455249,1.0415880289622046,-65.44124464258873,-97.41881076147381,0.0,-44.84783812059586,-362.2999710736452,-453.1379960734624,-275.62203650413596,0
86.4699967004581,-14.809272456416078,14.422556376077218,101.86895512224227,21.701044741126626,-0.0,-553.4123913968521,1236.3368648862643,209.15648629595557,188.64251603175725,1
-142.59007844937975,37.04969964007546,-37.235509723847784,-112.6089627112291,77.01232163870394,0.0,-95.89329486430157,-524.5432793806835,-29.581505058938365,-35.13632654671276,0
-44.61818799662609,-21.92339146585632,-10.458080444868493,95.87655479237455,73.73104689245429,-0.0,-118.67596364066793,-60.945035314445185,581.2150070876502,-135.68604663440118,0
-36.60609076018699,51.3546382059972,-9.408333016401889,248.51189021002156,175.66006907907908,0.0,-1052.4089271773864,-325.5553499139642,619.0065389914939,390.27160235268013,0
-96.20522636601589,128.44334573955203,-15.430582568330852,16.894660971355794,55.66202728402866,0.0,-309.04684035866075,-405.5105740946145,409.7687466232433,127.40936355288436,0
23.51806312716592,81.34275966208384,-6.8870114050566436,282.4408723259875,86.65896314903047,-0.0,451.5120189140615,788.393759775747,-561.7362717130134,-51.01522488014117,1
31.52246786753967,-79.96646369618334,-0.3403657069820081,377.05309348241065,33.67599803430599,-0.0,64.65531272790224,-441.73815857941906,-5.633621189018967,-106.94310597092941,1
174.38022922702024,-46.63016667239821,26.15671291128734,-56.856775871502876,75.70068843765289,0.0,65.75822841802109,-75.35200360089229,128.74515990770306,10.548700553988219,1
-194.9158155267795,16.243457452030608,14.352851838058614,44.646230099219096,48.543343452680446,0.0,378.6746641088139,-13.499172825936304,-253.1845352244608,42.94790170274933,0
-52.45118533511425,-15.778616982668952,11.064916620153152,273.6086099959336,-182.18850973033162,0.0,-238.32595915695325,665.4151486805175,-142.511037187177,-180.0426141640017,0
-56.45747865995641,-31.629968645539492,-1.5317080777337,-728.6377090978656,-55.591617568435225,-0.0,-34.89212731706079,202.15633567312085,-174.0123724056023,2.880675310215027,1
107.57199627991169,-116.10730678389693,-48.71865825884882,-758.4217011797776,27.842246744201837,0.0,-581.8719750701543,24.24154037077869,423.0755750792935,-270.63536721586763,1
117.03554639976106,-120.1788488668479,8.84251558543192,-703.0844081229806,-176.84304571475545,0.0,714.0632929014762,-1137.557230349328,-136.87185708417064,309.31886266801837,1
-167.3823312117957,63.84929794697691,5.530290559487797,-222.97346839839625,-29.004062779554708,0.0,-141.5139743648912,-85.49940312710547,-215.33231850460362,575.3605133593722,0
-77.34275890859166,82.55184777849345,3.5707297512904015,426.7674813335163,69.79778174860903,0.0,-55.083665145031596,607.8707744467397,-299.29619138754055,-436.97711842845735,0
-115.037991695136,-41.38897233804783,17.146629807200867,75.36560910430713,-67.34193449194859,0.0,-77.39034698229739,-536.4220592628348,37.99548669877275,104.62827696714385,0
96.44100744982319,-75.87995863283241,1.799631862871955,149.07322099467095,194.36108185670784,-0.0,-31.27885447335955,-1063.7008587967919,-148.1002119529331,462.7049907111022,1
217.1355007550634,-262.8445016556963,31.851140527502206,-134.48089099319688,-98.39925022800384,-0.0,-106.06481865347396,-254.23797005279167,-187.35504977594684,-253.82009430696075,1
187.4262684756951,-80.7087283146586,14.092965617204595,656.5422921917722,126.7935066759361,0.0,-1.8680737343129887,365.9726747177975,-267.8303939343935,318.51862034488033,1
46.36355816600101,60.22483151418576,-22.00053071988709,-70.51583634876722,56.48071565979341,-0.0,559.4772318151134,145.4687467936081,-53.542302184519016,-174.94815942542024,1
133.79932100616674,-61.75244455220495,-16.015375313711097,408.398754830079,-148.75573861836793,0.0,341.63912120004954,-459.2404721089094,520.7160088103274,-46.05995228747881,1
-120.41057011022558,159.49705938459073,-1.4359595296497634,-51.658544427022456,-217.9334081827084,-0.0,78.40678301980597,111.65607918511763,260.6020403539011,-39.54882249846219,0
14.84739937160417,21.057921964595018,-15.636398293493551,406.60774179248466,9.157674222448014,0.0,73.6780925594004,-864.4839816826083,736.647630257651,-330.4626168875229,0
16.440007361294562,-63.30747988892693,4.80794486720495,215.0319189948464,14.445706255496953,0.0,271.1209425507007,-235.40164528505912,184.24072943180104,150.84297451902182,1
-103.61988870750316,37.84415012716362,18.86151093938525,142.54979580453997,59.55876504463831,-0.0,61.456876836672,-274.89168447072194,-604.6414112745728,66.73493469061798,0
132.47291406109193,-24.376560179816764,-10.159268398346352,292.5256792460744,73.12503340817322,-0.0,127.01154618709214,-917.2252158763625,-420.03150938523663,580.672604445463,1
21.4220384153575,-61.23732830310553,-2.2017927882700676,182.20618414760506,-188.2895309138913,-0.0,-282.74094919484804,330.12800120119635,-113.25822253203769,-183.7156858692188,1
-88.55102372348523,20.278992646474336,-22.04396044763126,55.058404765801626,102.06407568553574,-0.0,118.44780368115184,343.45406893000035,-137.56192277303128,-110.95977323048794,0
108.51020255405768,-115.06706452746877,18.206025045625342,-462.22792785343205,-109.84360598180423,0.0,172.98327092351656,1136.6832537703942,326.6301735659149,-27.736067644859975,1
-82.67787021305165,-12.96953254402196,-2.427536479344458,483.6860692682019,33.15916915135825,0.0,-303.945663108992,603.3816394529058,32.597795505341914,88.14498214720963,0
-104.9749772774077,-74.753213233631,-39.04854534003633,206.3739429163095,215.19120657168142,-0.0,801.3896701015917,249.12289269635244,-84.78150389020234,76.36316820778579,0
-81.12905694854103,62.24817278195571,20.244436167297426,221.8821799965109,24.962272971664046,-0.0,-222.99590849980962,593.4477938015729,-315.9978892366505,-286.8497756693784,0
10.468971169652802,72.25249228031485,-15.411722367703069,-204.20820116510507,36.78716699289329,-0.0,309.7136386860994,-255.81512431693608,101.68389539279089,-66.71734548970277,1
-6.800427724474854,-77.91218270328478,2.538846068942946,138.6473823669329,-123.86042429732743,-0.0,208.08035677118048,297.60786554164275,180.73476665524745,-12.326097023183582,1
-21.87428857716168,115.89135153301557,13.352775897478296,814.9880750735047,46.45433336223168,0.0,-80.1767246117015,892.094635961903,-382.28978738368767,-74.8332776682061,0
29.614290153916752,-3.2286690055598344,-7.4687714609807525,212.42576090620423,36.994124430808476,0.0,-15.606873536859068,304.0603518302785,91.72512073788408,561.7069653849204,0
-92.16218154174679,-43.60609348272261,11.883100870031022,226.7939953462193,-79.10717399783607,0.0,-374.35544670684584,105.60336495529772,225.45891727110336,-21.86155752410957,0
-50.150940163227084,60.987797407240265,0.6026292737330246,393.00398226983555,2.1843290902710426,-0.0,312.4891750675937,359.5458770892018,225.70348028283743,475.0453310983444,0
151.75365979903654,-83.90619367455844,3.711229722848396,650.3717541118151,-156.76323370847723,-0.0,-112.10640485185017,128.75353987700572,-22.520110751400686,139.79681478674854,1
-73.35944994874973,138.4396158074561,-26.948317944289684,74.98533918715131,-17.764314849744466,0.0,241.82490651224353,-657.1431185225174,-264.3638739362305,19.381697160671447,0
79.9314698482192,-42.56372336202431,-11.507946373778957,320.7780233493162,13.213105180345243,-0.0,226.99060341375935,6.038194922147078,-280.50172122981377,40.75703146023579,1
-73.85894446599507,133.92181777957455,-20.653758042779458,149.45287144588534,-146.50625345403313,-0.0,-71.95065168091904,251.12374803051978,110.96820622621571,586.5509026074036,0
108.69259613982781,-88.47097941748976,3.881025222837516,-66.66318598380478,177.9082856967966,-0.0,42.21355868659301,-366.92347102002196,252.9979415341121,364.3558297759262,1
-56.276521918680984,154.39153836916887,5.094261348228451,202.86249401160538,-24.33463640265946,-0.0,-46.457983628586554,515.2556222604258,-168.91222042457676,335.41051709858203,0
-6.812191497563685,0.9103514489123787,-14.054643036905697,-146.30705592865917,33.768767770754366,-0.0,-148.69892943527546,-442.21872368189946,-60.05155317317922,22.68726905167114,1
178.3106972147147,-28.356467826651702,-1.782466679446791,197.02803472682362,-150.6387904659738,0.0,334.44946186004194,-30.576648516584434,-41.25875917750356,281.88957172416394,1
196.98321537025598,-66.87260001079574,21.03659947181655,625.8259298709451,-197.7508010370439,-0.0,-214.68010230165913,470.7048600955928,438.7371025995153,-238.5738883986224,1
77.40443378646103,56.82922221309656,-17.41379106194321,-198.2198002231816,-84.09793414756743,0.0,265.42908512937714,-446.38950443722024,337.77333040694486,350.6151047834533,1
-3.4216808981996927,-46.734933794323894,-9.541821486883649,21.709197253614214,-300.24758012418096,-0.0,323.70740541684904,-718.1939421821799,-61.76306011948003,136.2833159479763,1
127.80993472227121,0.39398710784306124,-3.8904100953178906,89.43666112076961,-137.98723806674613,-0.0,299.23141917576396,771.1554013706793,-160.7473887172642,11.615059548620637,1
220.4517639043281,-41.92466471189531,32.74515952281043,569.41934649361,-175.01191805893598,-0.0,275.8333126116807,-352.35349707043264,367.1731896224728,-68.34376748615526,1
-14.816771412282968,-24.934992407350247,11.75003352240911,-503.94473983935416,-238.2312346165676,-0.0,314.23705965727345,164.26614223369893,555.6246049779749,-354.19966498341466,1
-75.19490139529147,-50.14463905369455,8.761325901379392,647.3272927257657,-123.59991107652918,0.0,271.3563553872245,554.2530676322166,-392.55983452133,-95.37862003986706,0
5.4022478804182015,20.83471170464493,6.873067927363747,551.9726411127041,-36.554469263344124,-0.0,141.14583646311053,839.8021626760816,5.155670050611907,21.48939188125936,0
-194.2150125770773,127.03903907556115,-5.259472774368081,-406.34764968353835,-92.61793315326865,0.0,8.869629706860183,-198.62834855741073,479.8756963522235,-402.4506377444585,0
24.746328301725196,56.46219979027981,19.99835616239306,-333.97604811885276,-26.185840637220206,-0.0,-95.41574725903317,755.63997441602,-357.26594606680885,-79.85643565382885,1
46.058827427858624,-95.6502245135897,4.828836274026734,367.3455708664845,-138.5281064553055,-0.0,65.48693455163533,804.2878937189431,-475.0800223645381,-4.823141163988994,1
110.63614912478181,-50.23726123976466,3.1999898176603665,143.78189516185287,-115.963507985711,-0.0,-103.33574424074514,-74.01050076019189,68.7646327908874,134.11781254119603,1
-13.471225278644189,72.79558567119753,-11.136468131012192,465.4179708696176,-116.95772050628429,-0.0,-205.19059728467462,293.3306583618515,322.5196552432724,130.0454878546343,0
-103.62952020144535,35.24880399278557,12.832777605841526,191.11410838497304,2.65042469891483,-0.0,-97.96147475387191,268.02222398230947,313.41922378339797,408.8394639148686,0
-34.43291559893537,44.78147904914753,-14.664613880558104,-401.1643559166905,-201.982415728161,-0.0,-104.22635820136468,347.46906754658465,337.48545935589686,252.93384722999525,1
-52.37940958743445,117.53239772273362,9.253408778522097,560.3867925621378,150.77878100769647,0.0,-213.62079795862957,-533.5113348961331,166.4281731272788,98.59585690347056,0
-60.27538876589379,40.15811108910111,5.416778142677074,227.75100666499483,-3.4766045850616267,0.0,51.23366868636451,-276.4008844663507,233.40366466966094,121.0172268107498,0
-49.40723756105722,-55.08431995338083,-19.82288576951524,-13.189559168626614,144.57945567213562,-0.0,56.57334378985237,-357.7401006609178,-122.75852156224445,-91.86608843456382,1
37.73840508229938,-90.85059142095287,8.804206624932958,427.37633802600584,35.52389747127716,-0.0,590.7066576455811,-412.0134480193581,150.05362530400387,-379.72089313806913,1
-9.206449670809068,81.36110527090925,-0.6057498556313481,416.86741042386126,84.91180820513495,-0.0,199.32148857020738,-506.9297014597147,-264.62940767457127,-371.7738776226955,0
171.59255505018027,-0.7644229617747134,11.503459763041384,403.75876771797726,84.54849167874264,-0.0,-438.81696609624083,316.43770426838995,-289.46152604823766,22.447430240534672,1
75.76934544765763,42.20933838685836,15.628248258406193,-51.8412564556836,163.43203853457433,-0.0,408.0971176377054,-143.2861107410476,458.2530352602246,5.2431849311126095,1
30.857503743512808,-27.04009936584143,-35.186648310748254,142.35444876150106,-12.694976795528346,-0.0,87.4949485219578,1356.9697535450084,174.81290095146312,455.13977687090613,1
206.7759524777411,-32.690184882562185,-27.590927150918464,502.9188592565192,181.189078150518,0.0,-129.2234550323927,-97.22179707660545,89.74230403053284,101.44660749542683,1
90.39579509931919,-13.271713076114377,13.116948904734702,-430.053517289399,94.64740282910364,0.0,52.92817505325035,436.11260386711916,105.1219735524211,206.05662834400482,1
20.82479814987864,0.8004351428430434,25.845483516960535,-107.35928817307027,-182.77963079133963,0.0,126.78898148862325,-427.48365365682014,575.6832801546955,276.58718524104586,1
-104.36029365567799,47.16948018621005,-7.0861920505628415,200.04587312424664,116.81497670608721,0.0,770.2988684959784,110.1292933695409,138.12435180850983,-10.667310783452024,0
-122.14501698012616,27.201920791581383,-10.123767018134084,174.9806437326373,68.24491601715553,-0.0,395.210675113062,15.39078863908161,274.536790134419,-436.72524772572166,0
103.49503223031252,-1.7355776281303776,1.24385991596548,-324.3789632557679,-49.07917631565509,0.0,105.44786024161212,207.75272689743093,93.93185340035325,481.33330354097967,1
71.78524619950272,-30.535207155688752,4.443727713270583,-160.19817480321657,-253.32866657233774,-0.0,272.8997114658847,-65.2299332125724,374.4370913395179,6.221612764473814,1
-106.80414455125869,73.89244219486082,-23.29945046365035,66.13459409097393,107.27975617182783,0.0,-600.2102126112143,-62.703441703431366,313.93716253234925,-282.13972397473657,0
-106.06458373172644,77.32262710711736,-4.030873604369522,26.18520064184789,206.45903283849088,-0.0,37.06862478131221,-86.52166126836447,295.053040572752,279.3770088535486,0
97.00432143027813,8.044412611841844,18.88292924931346,-81.23413498419602,104.90970079764739,-0.0,-74.78756735822208,421.1536671297476,180.95532358345932,-318.7722740770327,1
65.85612310041977,-14.055220848996676,-32.236104495502225,-453.505267294279,-92.82712899334406,0.0,15.269254042402167,757.1031921929696,460.16921481421446,144.6076910915164,1
89.18410329303428,12.877258102994414,-11.027360917563334,68.25475085764803,201.07301263422423,-0.0,93.18570728180617,290.32856853506314,-175.76095291829822,-110.87458633073581,1
-10.611234742761734,-130.90719739046844,7.030580147523817,587.081328096449,-84.90340268786511,0.0,-666.3158822474207,-603.8834164757283,270.52756669923247,97.1500952135543,0
-58.01659725931116,-8.858811753766243,-13.711507980369582,347.4528841966399,-1.9349908141317405,-0.0,163.6318890894353,1142.748196310902,101.6380537161445,31.09233241392862,0
87.07459581383364,29.360315855465558,-15.266438678621306,84.42875537568153,164.0270122233039,0.0,-63.91777665058664,888.847245638462,-233.27872807353148,232.2715270644177,0
-51.41519704379406,50.305024802354204,3.1241536106075474,818.3561495910261,-33.38549329423719,0.0,305.55621240157785,316.26621117094805,-439.1594941037723,-170.69882008439868,0
-95.69008235813129,35.802502578105916,5.364881355727197,41.75783227156307,72.46403313821747,-0.0,-126.82316112262507,-57.258884327678686,-586.1865073846807,-314.8900496762549,0
-59.697103165102135,46.74783662699106,-7.156016928593713,708.3314759316588,282.8671123197581,0.0,311.13668959609186,-250.07398840563587,-147.9661367741132,-70.92718112154012,0
104.44997015779484,29.12209606809175,-14.092616470844062,-15.316988110891565,89.28934912075947,-0.0,-455.42164238587355,-61.1929293730346,-137.85380662650505,-345.14540901258863,1
14.454219574047638,39.9735436087705,-0.7039150049075432,-138.51139422396403,-213.45097740016362,-0.0,69.95629063989789,-535.2724934801612,561.4216425381674,-418.1183760701516,1
127.2989266575543,-35.936411179103175,-16.5402516014148,312.16560443300847,128.42320342591097,-0.0,164.0450430960704,-116.68555753949603,271.5763753373167,58.722754408999215,1
63.98500360567043,-10.015035810155673,9.156214312684344,383.50371492594735,128.1314024708616,0.0,493.54917262855486,84.4372594457376,-525.2722385132444,174.348797323003,0
-39.32272119519591,-49.78114262648099,-14.436834615608959,618.6938109299175,-84.59844599555271,-0.0,-290.2426865714448,-148.41266829267093,-183.57728189901613,472.5181270112573,0
-60.45982357584125,-26.631122968488985,18.67271298785737,-160.17389830706765,-37.24309399532065,-0.0,-171.14829601885086,236.709234832899,-62.069952344114384,-192.52026826020366,1
-140.73764870570471,28.15855765045336,-14.702446280972795,387.48823321314524,12.494375739560093,0.0,227.77517484308112,250.08152975442601,-143.3907092302474,-376.0682123444058,0
82.2044708372075,52.699214099150886,10.207291435356938,182.0675692390752,-15.805199169984679,-0.0,469.7252944283665,-364.8831079429512,214.8113112822393,-4.419577608488447,1
-126.97947458881751,53.76739056181671,-12.977712395045089,273.123040186105,-119.59505097976292,0.0,84.59053566694986,212.1724361544269,-184.5776318013495,401.59527496988227,0
-174.43966594845367,5.181822790992108,4.694920860528773,458.2293000959524,27.172038291332527,0.0,28.88178062314807,469.4154132340691,75.7956148667332,268.11475286106776,0
156.15844516852226,-67.91191817059239,24.523040122733374,518.5001275850956,1.055305550805292,0.0,-547.1454037466625,-213.97372862871478,42.86931181387397,-22.628229830716567,1
50.703544246623764,-11.720102034073072,2.602950559097025,436.5573792678677,-97.8185757856152,0.0,-6.360368040342549,631.1476575032414,83.41836767002097,202.06353880938207,0
-31.81300255641701,66.82219540047258,-10.216873362967094,336.37053460603755,139.10275986348086,-0.0,-476.48649569459656,1067.1993264434332,-228.85356946538644,50.743450844947155,0
-134.17523606834868,-12.511858410376858,15.679299451132538,-113.41149315404492,-199.00199674518043,-0.0,-288.01232240699824,453.6992104986489,71.54439194591832,-169.51885413045778,0
131.01891622464638,-7.975896093833898,10.355873007096209,213.41736360791037,-11.580494381633008,-0.0,-136.19330061106473,806.1415375562359,-710.0954023973562,10.286440618409372,1
-7.907099357513962,-76.78788335270391,3.102399584182708,79.6471291489161,-187.27407177430266,-0.0,-96.47314883801435,623.2807785750698,-217.98818377822573,-472.2529401481724,1
14.885852498234733,34.38561024765811,3.1152211290211755,213.9909906697477,80.87300917631887,0.0,341.4023105718386,-543.625525887401,400.55037904010203,70.11420288940361,0
-73.7377310937327,-79.86871971449433,34.60760125338498,848.2043285048122,-13.785819115558155,0.0,258.042050147978,-530.5368215663574,-215.07143093914468,-593.358263789193,0
-105.17078470179844,36.44599060373328,-0.10867589637213751,232.8150773657296,50.501869988796535,-0.0,-13.753648813665468,-139.88731171923985,-478.5764688753894,-171.59898931898033,0
157.08381517689497,-162.65972679163497,17.43905165504622,-328.6201769799328,59.58540631649734,0.0,712.9952130704776,-772.0621969898705,337.63100578889214,227.35165062836282,1
43.36321930386082,-7.3563749153404725,31.86837905787091,368.3213472494145,84.93661465197053,-0.0,-666.9754047553744,579.2627799206265,-191.01716397509935,-4.939943069340923,1
184.95333639046737,-167.2678780816459,4.026788165504488,-474.92882583353133,-21.186877350308247,0.0,101.33934791499026,226.28188455856156,48.087418766994084,-194.78719115094435,1
-141.71564837920943,41.5841179447974,0.9674679321541291,127.00702473502861,53.08305276647349,0.0,-11.659184948721684,-502.9766664062639,-79.54149202045423,-110.02262220441139,0
114.36519539047401,-62.255051401125485,19.092154472729444,466.98587655829016,-8.502115963614227,-0.0,-224.82288470261753,995.3819772978898,184.5307146954444,-359.3845166253111,1
-144.46235770591514,83.9687123398352,12.248702545657103,246.00465072871293,-48.750902312184756,0.0,325.00012634529355,-62.04865184684852,3.6147912233777664,553.2059613012278,0
86.2468963693999,-182.26973566170227,16.37799958153409,-422.1544052676398,49.49726849277674,-0.0,206.1203695432086,-356.3638466999171,147.32172839100375,42.434246064459906,1
17.50739019261513,-90.8168281738215,-25.45022336256277,309.7391637369977,89.07232886281177,0.0,172.95581570912367,-57.756887719395706,87.37926181968268,764.4644590315897,1
67.11627918565344,-28.18903370151475,-3.986388220718795,-152.21341798301066,-32.17007924212252,-0.0,14.238242867215261,-46.19015036099484,364.3218838138892,79.08131542362882,1
85.28840730599848,-27.664171159371893,26.719527014926854,-604.3775710696704,-39.75284238191965,0.0,488.14807884977307,93.1659413733357,-506.17645947754244,265.3315987459744,1
-94.30296435158812,102.36057780647378,0.16480499956698397,-202.12168392195508,-75.02052387507194,-0.0,156.44154931029772,-122.30602078724198,-112.32627022821178,206.59358194830628,0
-47.58721600108878,-11.827771424268898,11.643729410802093,-199.0192294742108,39.355661059442944,-0.0,-58.54902662363745,223.1331365976529,452.11015529077974,290.5537186618273,1
109.84332227084778,-134.88951305733175,-18.80773991593123,759.2704433934879,193.5147457487074,0.0,-413.8887929843897,611.4300478344767,580.6430389173738,30.001684971402945,1
-97.1005714724355,-0.45871056473951066,5.926486139066764,631.7111568722681,-123.35616588907371,0.0,182.62717258715583,774.8586433888615,566.7174500076577,-133.49410640073933,0
109.90153419158332,-51.4581318289019,12.284745278463435,306.3403486618933,-82.80609202488044,0.0,-285.96610329838455,359.4454698320287,281.1821873358371,-411.00206129392734,1
55.633981423359096,-38.65361130640904,-14.263617241779654,556.1260170604189,102.12599983878627,0.0,72.83827970175452,379.7529501805118,142.8929629687002,8.204165746716205,0
-6.48937327088716,5.929305325290644,8.573285961862386,-64.83229091167114,12.437740830275233,-0.0,52.349778949802,752.4499551862198,79.81676154502706,-506.06972220317533,1
69.03402926424607,-85.7121603809533,-6.610001616127392,420.96141596905437,-9.665977396822441,-0.0,-239.92079754917634,389.2343260927597,-446.48515125188305,-103.43972792283351,1
50.935605175209496,-30.302932066862578,-22.743021919998817,-58.24946047258486,-68.66239167492296,-0.0,10.357780055317473,566.0732200381447,128.98002235678894,191.65488445037434,1
34.63915874118747,-26.79514784631557,-7.878136259714501,16.51002455138858,138.68272326747208,0.0,-293.1888125517243,80.31055399411092,-16.421750056890293,-40.179616356372755,1
54.03573477598643,-12.900445297150451,7.2477253294577215,-426.74660380483465,-14.854985676478849,-0.0,362.0421954207172,-605.0337777864876,340.68211988416505,-81.5897324182654,1
73.94649069170966,95.50892987473205,-16.164003454716475,141.22835276389597,171.2217582753816,0.0,-6.2615841106273695,-408.29881082655396,477.71749250346835,68.75156285031235,0
140.24185230551015,-103.81182527636943,6.519479499899259,-30.58287886312844,-105.13691940884569,-0.0,-0.35346087816123073,140.90146177560254,-18.930250228101777,135.84168962948283,1
-109.56483006338283,27.303289119351042,-8.73089809820621,296.14530955036315,-125.98696541645768,-0.0,149.02724086623945,-377.56600455954305,10.194233628023307,127.69713480472139,0
-32.662426988870905,83.46114312497646,7.522125758350161,-99.62194070898082,-136.81076709408836,-0.0,182.88917472585965,110.11918094247882,179.8623995459374,335.47160419243306,1
164.59130434730565,-43.39498057482796,6.20222700451554,435.9161014967179,3.412459907133934,-0.0,-10.88359767815247,-84.98738347527801,177.52410779131105,-257.98480747241393,1
35.24408204432396,-34.85937313563945,15.416149309570256,-369.13277106844794,-34.404807238131326,-0.0,556.2597037395869,45.865495936361036,52.116731451306485,-320.34148071165487,1
-31.81206311724515,56.89727611719239,21.51999285083225,148.53421383327085,-72.35495143045775,-0.0,-221.21891582909302,-892.3676288218031,-607.2593894108678,-374.12563021128574,0
-39.51379645197326,121.41604843420075,5.952123260187757,609.312843234945,119.8467157452764,0.0,148.92622165369193,-79.98546268877165,-1087.017387895731,144.69650632630274,0
-48.47073981291085,-16.953131219167936,12.748221185834257,-178.28678883825108,91.35194627843718,-0.0,-246.90626540668526,-457.7384192593005,432.58938138255337,-407.8774000201273,1
135.16459782384038,-145.43454656503928,-13.28725401210965,-124.79872550826687,-41.64036020810583,-0.0,140.80272013816705,532.6086701377703,-289.5873481972776,-30.024884968232033,1
3.2572732667878483,73.67430265051884,25.972583247112496,331.3690758514074,71.87857428686007,0.0,-553.4606923291016,-1021.5784830221221,-322.80511083375876,-337.0414994205148,0
-100.77300124986655,48.6543552804682,9.27542649565957,-84.89118412149675,3.178695926361516,-0.0,-462.3205356559103,623.1392983881678,55.66518320099411,-525.2305913047526,0
148.03756584797094,-159.48822639119925,22.603989218362017,-433.11882139357533,181.62949170133973,0.0,90.04575914590814,193.82313283906814,251.2555112911054,-543.2410254290286,1
99.52796278337162,-58.6228416651261,-0.30724131619397566,-237.4131282723577,-166.78187129531025,-0.0,-202.23481455839325,408.70332146741185,-67.95787907523041,-198.12904875210813,1
17.76588399924723,-22.88809693748945,-5.341555821198485,-11.227518405835633,-63.25543989751171,-0.0,19.72673109418334,-206.1432537828595,-291.6417830134044,117.99925291448594,1
-86.39956768813816,21.001841028665787,12.658007467517994,355.96995167503746,-149.64110787292643,-0.0,-101.17996304839443,31.83630068815854,341.71154121870546,9.593051281616777,0
65.84271740893284,-61.83441313789722,-4.0973540991986015,261.3602717383477,61.08529898954333,-0.0,-371.54761164249294,74.02150927718442,279.8421627574427,-125.42221663005897,1
-1.0060390907288497,-32.742985860611526,-21.48389062748631,478.52843975695043,153.62190962203567,0.0,164.5648179487792,591.2911219528941,573.2045453799233,-323.50171249996816,0
23.30304847067154,32.01320009195156,23.891025605654757,-229.34038348444557,-13.223830166236977,-0.0,-112.19874562546877,-5.258425621444474,-149.36601506313238,292.5899064633627,1
105.21864635605542,-96.50814401778888,13.489966574327768,587.4191368498765,-35.52409737343996,-0.0,153.26898066628735,473.22989211700576,-606.3525412891868,-339.64035470849524,1
115.75314758475187,-69.18986993908653,-0.21172305118248314,403.05272067345715,-69.37635585168991,-0.0,172.0190515200191,127.14148209538827,579.315749565943,113.11063453561623,1
86.29530085857904,2.542473917231315,-9.500986960214885,-161.24160475909903,-22.845453246831482,-0.0,727.8074786437033,540.4171450032567,404.94965169729306,-87.03844234852514,1
-156.3895708590396,6.804313653162622,7.660889965984342,129.27425785798374,-8.463430924011885,0.0,661.3189568652583,320.45434967237264,-284.8239605244593,-616.8495708174771,0
-117.96186117556658,-4.403529333946123,1.2080177934049305,220.83945994157543,33.007506425547106,0.0,-242.33028236472228,-796.6177852070623,108.90835661463854,122.5850321642811,0
-97.0259028590842,47.817027875552405,1.7667092494411702,464.3633726599736,-76.24963519945453,0.0,107.35819098161365,-131.536517633357,-377.78265390244877,-278.8493664242332,0
30.839627451519007,-40.18704216007174,-17.777991163300808,208.313797446014,23.229909781998387,-0.0,-160.76393340671842,-374.80545289504846,-269.43634454730307,-250.99815089201314,1
-111.0294494593029,-47.9813459165629,-7.583567798728943,-236.4042114219142,72.29816749385151,-0.0,70.98473345215884,98.60825274220358,122.01212733915614,-361.47765627639853,1
-66.07771700069935,139.2616671796157,27.211795109819256,-94.70137524503829,-142.68834243377478,0.0,167.23243280381465,-485.4011990297013,-320.55946953884876,332.89873238925185,0
153.7542651860591,-100.93046784043142,3.37621479458792,691.740606745627,-319.84339307529194,-0.0,-629.118470836577,-508.34025843491577,42.251457561928106,63.97515306688927,1
-8.888901191505054,49.19971264725327,-2.410327788388336,343.54967600828394,-131.2089455788939,-0.0,64.49152572308704,152.21970690651077,434.62502718883206,246.50173498386377,0
-133.2317696622265,32.77421963327897,-10.586951387505811,162.31630968054606,46.53799871829675,-0.0,204.12826487895254,260.5816488877131,-9.914702932565719,300.9775448116185,0
-129.35531092849325,60.105957210211,11.720582314332438,600.7971097440158,-93.92743526330534,0.0,-687.4216794945796,725.2933597144678,60.33025939197352,-64.70000123745398,0
-46.32256174429798,2.732985313635674,17.353240786096414,563.8916597841645,-166.18078347887632,-0.0,-228.95470030617665,-69.85633431028742,413.72139740727056,-26.4741826462644,0
-68.8588445973122,117.80244402266588,-11.940912177020993,239.54626871901428,12.207458415474486,0.0,0.5369087130499266,114.64506286348056,599.0605320946894,-883.6818549323793,0
117.77567854062565,-73.91355629717403,-3.6044795413991597,-633.2711606691265,71.98852973519446,0.0,364.6690915919012,233.7153235684343,110.93672301550139,-27.840296593278346,1
-22.356161720657298,-8.257994729849562,-16.407988061169586,-265.35711750300237,39.122726860417714,-0.0,-579.8349679173409,-196.5670778922137,-285.73417695468646,-394.58574323250207,1
6.017963136256495,-28.699554575237578,20.40821317855272,-8.28990666556478,24.121126473416137,-0.0,370.173479272398,-653.8707471244747,107.57434557936048,-99.52487330795972,1
32.31928419915729,23.95931770677676,25.923109644532637,589.5795004607386,36.18331438658667,0.0,355.69759430288565,3.0592492672103124,-62.50662140356719,197.15506529248938,0
4.019576800963886,110.5815575822844,14.917797158977127,481.00008811664645,-89.8631102093835,0.0,64.02477875418637,-528.6524871809698,-249.1874610656776,-147.17059264146042,0
-0.2239877657800715,8.230039827336274,-19.416705947077993,626.9956422094313,154.80439849527505,0.0,-8.982342926868174,-256.98311091902247,180.74441058689303,233.00729969468324,0
-38.04372321175816,-75.87336871664044,11.172871276328518,123.95552886080335,-16.293427861889484,-0.0,-257.550678385192,117.76737507964441,58.350193039642285,253.89791504133464,1
112.16099543928784,8.576300452207642,12.975563275637455,147.736391130523,-43.38915768605866,-0.0,-424.33459449330223,198.62303858914123,-224.5196773897435,204.5318010605561,1
-74.11094391957252,22.476706268830593,-10.515203689852322,244.40895574600233,207.58387583511276,-0.0,-111.94388777205685,-400.6748664408114,-203.84471568082193,467.2200344256205,0
-162.18098301011378,-6.08613212076556,26.053284526952762,544.89489124276,87.65596361603714,0.0,618.1644658782772,180.20920029932822,-144.82631934209186,-265.76233214862043,0
-17.88567498100523,-156.06385490750293,-0.5080325072871064,-964.6988281667874,-73.72774777795229,-0.0,287.614605281079,-378.19862300263173,-349.56646160497365,374.81486390243214,1
84.05213304963107,-82.7669200833084,31.899223924344234,-258.9937783439867,89.57084574249711,-0.0,521.1584133994829,928.2982642260876,259.8317844003711,141.95914862215918,1
43.344986628379026,-17.266196474474373,31.34631816505225,-274.2719069187221,-7.751823683490731,-0.0,-334.09814293515785,370.6316920812912,110.67059072596857,-35.64391055075033,1
-120.42833655509317,20.140282685507778,-8.347166699716132,-97.88561292328022,45.43348153226592,-0.0,306.8785081954087,-426.54984926738274,274.50809347917044,-45.18567837261415,0
12.668449923629986,103.18481343500032,0.5190117129043574,434.37369965346176,78.06151753238719,0.0,-380.6977426051825,302.0545644235763,-20.55546794302028,206.24427610070552,0
30.37994608229132,-29.28282073903685,15.878110757868242,-376.0883303733616,-39.74824773369839,-0.0,-150.72427641972138,-751.2038144278719,-202.69084812321074,-14.761232425141799,1
225.23134792851585,-112.71392727168771,-2.113070214656216,1062.2334023636001,51.822106374566644,-0.0,-464.24662112251815,-383.608648890406,412.90565128187546,-220.04716025324066,1
-51.27056357607494,64.73071087216881,-2.6798723135162827,-95.53071969779482,70.36451466338913,0.0,221.1881870893601,-161.0096041429322,411.70196925089624,31.068026166661554,0
-153.00461136646638,45.5958074423277,5.33532363572271,191.7646620014374,52.51346076625897,0.0,-22.685330711465532,42.44274401524966,514.1249091242869,373.1270241563,1
100.9359194714346,-35.7750958867869,13.17206974673547,-167.8855877246402,-167.0433450021138,-0.0,-353.0076843000047,-347.98829956888375,671.8488573194062,75.51955072580314,1
92.05506155540817,-11.784553052019136,-40.55305700023537,163.91391978382077,136.6743539142749,-0.0,-8.705273886864724,-167.05922806616712,555.9803045784194,-282.4089771557019,1
129.04076834743253,-41.61839333231868,8.155448147424998,376.4760590699553,-161.56835295021793,-0.0,174.31442589220765,-281.44006807741766,157.31477649274413,-80.7856044088707,1
37.364700998034095,36.580161325061724,-9.444987773582563,768.3104316029593,188.23162043470768,-0.0,-137.06576199639144,113.41750269904243,121.34216052513194,-165.15614946670775,0
-25.963295598168287,-18.76646694746997,-0.5913558441122272,-97.40539509168508,193.064388304534,-0.0,-82.14270509747762,-446.6478923293799,-195.62045730988248,121.48174800873952,0
156.74123741181174,-59.309654096403705,4.761510229745834,594.5416128596817,57.62692933795476,-0.0,-219.1719809067509,-693.7591620387494,204.72512025764723,95.05691467396132,1
-108.27445272791353,27.421516062951486,-1.0912886631924026,191.03508606750057,24.48285303864786,0.0,523.6143946304779,455.1080131488613,-221.35036818475965,77.01067999331977,0
-85.07364702647031,-83.18175335884112,0.2919809711037581,574.8236978335833,114.13142952203026,0.0,381.8278818838927,-169.4941393149984,75.43715878799665,-317.8875938799356,0
-161.050073426854,161.82793382509522,-16.503348037118304,-21.77024028532586,122.22455322890558,0.0,-319.34721388419456,-539.8240639757125,-257.3363407144598,35.577247552346954,0
118.26114723551689,5.627953475475636,-12.34132032804951,143.86323520373114,75.05922498483707,-0.0,-483.7985675587001,197.59981587890294,70.6635810893802,-565.6792219208304,1
-198.6691891930012,82.55412513392251,24.312411665326287,113.6852387739605,-21.07284035543271,0.0,-435.6439539536629,217.06003866099178,-94.30780812637092,542.9606657192575,0
183.20298767501316,-14.318257352344915,4.3529218135012915,387.19725531977616,-61.083737860181124,-0.0,144.72284197125094,-723.3678930388082,-61.72012622648554,-84.10373862011654,1
-29.431265830890695,-57.82776722017843,9.253610651800521,689.6720471084968,-19.605541226334942,-0.0,351.0922363617912,369.5048259893973,-29.12580122824638,409.53657149883264,0
40.84297566649505,-81.92652990957531,4.508323621168648,-388.7165740977448,-157.03351570099636,-0.0,-297.28376113872514,-241.23971845454588,90.2770515395286,316.14018414905786,1
-44.35269115447804,16.353395751776606,17.59639368194463,-301.3387898939864,56.88841665687132,-0.0,3.0894137008745557,-814.4204463651461,181.98600531140366,83.22064960639153,1
-41.35840494780055,77.34161617754266,12.278445993252982,171.74319660044088,64.25446774916313,0.0,442.47317609837455,873.2583724387769,76.56200957572358,40.345960580273456,0
-33.056114998723274,95.13421010210631,-8.454101368121131,440.17016040597184,83.96480555428619,0.0,36.88479123954582,673.0883330321847,-339.9795329080149,121.09497775989605,0
27.069195985880633,38.13848529301744,-15.720695624840449,-168.41108613732754,79.6466342277638,-0.0,269.3181734719608,550.855114393399,141.837947315991,-173.97825754038698,1
204.67558430903858,-213.33244965940943,-26.286960917287185,-192.74523214966928,-84.79661311688896,-0.0,-327.82022493538824,212.2915866884083,-414.2209305600392,191.44082341240028,1
-71.60342346387854,173.57645831092123,4.501496874316886,-139.56233193760374,-56.4016689275996,0.0,-32.78801027754783,-384.09615917425737,295.7055662225908,472.2458013332648,0
24.380382940101377,41.61073020962169,-41.65923428464791,29.388902634525074,101.53467088536071,-0.0,-44.07037979592115,686.6024868864946,-939.0127757410368,141.35474078040718,1
61.38848089515152,-90.5486159646623,15.992264051804012,-275.9821095413627,-178.99737887809908,-0.0,-144.6054453474288,-211.50701833490137,-673.4011920423372,-189.2578314712769,1
-38.995480282095315,-45.195652463347976,14.09159366318629,-749.5963371031439,-16.48293448407705,-0.0,-25.320919865722516,278.0516546323353,472.04680444806394,-559.5951497502704,1
-12.605677307604335,72.62107701583143,8.760931735350477,334.4344437647862,-70.42812178046988,0.0,63.97901434881841,-190.07391426919466,-24.5790948499808,-357.88882465283444,0
-1.7408977636414917,-49.842118484843084,17.610392007806944,107.3939980810327,152.30672357078387,-0.0,144.8483310715542,-437.864170796608,384.73475521956533,-14.920292605737583,1
-223.19951026527787,125.6529571657084,12.09496593877663,-232.03522488129886,-9.668979686008832,0.0,312.9334422217773,851.0465165076711,179.1547361150194,-6.422206886063332,0
70.97235470715613,-50.938427120345125,7.072636185251737,421.7248522814173,-89.22754383587224,-0.0,95.43140367799198,140.77559803442153,-28.698342264558686,-483.2584444476394,1
-0.6565554877358064,51.14604858915314,-15.208580268697443,-199.11476584685178,117.80759758593813,-0.0,221.33687097216264,317.52584017495684,549.4350284657492,-373.74773456963334,1
-8.43286748147963,82.79873827272414,-0.17292707129804832,313.5453241451528,128.03094943832016,0.0,0.6950088392813313,-327.51111001344157,-39.602227626923145,0.06838923858946726,0
-35.679447244960635,94.71409434880916,4.591769639835931,172.35775083939143,-239.48841937435566,0.0,-112.75166013838408,21.999721035469552,256.39965693503666,199.02949966277868,0
99.95779364336663,15.750642734663217,-9.828726924158143,-225.19501552876022,86.20833729319752,0.0,33.19845662773784,230.08652716803172,82.7782716395297,-666.1156851168034,1
-39.97844363137851,-27.584192091856753,7.205133108431558,-60.18810552050187,146.72703261006245,-0.0,860.8931872626133,5.1434195652850265,-50.978564475120024,-484.0877415847816,1
9.675926418233464,26.638173619166615,26.875926006806957,-379.38200663456473,59.85890192096162,-0.0,48.814412915866875,817.5970698397937,661.517492010993,-330.0218319306888,1
73.29763654344887,-95.25493239808918,0.6329017558614709,468.8458618881535,114.14703023008387,-0.0,140.28702056817733,67.09055306306875,-42.86679862808009,46.703163995144564,1
154.24125521076778,-2.803618207902857,0.6049851893694547,963.4183645001476,-83.26593720029621,0.0,15.252092919802216,-1060.4779819332953,-575.0515361988874,-387.71190439395133,0
70.8693121719993,-1.9808679413524461,-14.825330692401245,-503.17496711770855,-49.44802918279093,0.0,15.448964007966776,-685.1880574398889,-26.171750907099852,286.1986956421268,1
5.810773028195021,36.73431231144331,-8.099999302266902,601.6118781174445,-5.330351229112887,-0.0,-405.7290879203764,114.53467941718246,92.49320373429686,91.69986923056996,0
-58.5773582508438,97.09544261559671,1.762122969526742,160.09637220143128,20.909476355664722,0.0,322.3937649542298,931.0033183166778,-491.7757118391343,27.241053229613428,0
158.36104647602656,-19.711286482107894,-9.265582226567496,347.7363320407338,44.08435330418739,0.0,-280.41809903142416,310.0586309282567,987.1946609631707,-264.09709996435083,1
-65.57663774655467,-12.027858324433932,-14.265209367093853,241.81267173859385,-93.85521531022633,0.0,-149.50459320367554,37.270603592512124,-359.25476022901853,4.136560167207541,0
-127.46133218538156,116.577088938122,-2.6848092232940326,277.61203224872463,87.35167167711417,0.0,293.2157346418407,-318.56528679173414,757.09723958865,4.3975993476564765,0
121.76329189983916,-39.31001031037292,16.778598241250563,-150.8327818340341,-186.8590811403517,0.0,-31.517514895198964,-1305.9443077917722,99.92909031367823,-266.66925874724757,1
-21.917410127747047,64.83345671453678,16.41944932050748,318.6797581028492,-294.24476531075317,-0.0,-471.7408195316022,-556.3985952592915,-143.06355613521225,243.00608501916778,0
196.4332546525259,-73.55343782524965,-13.967296732225112,693.7479432785923,-45.23220510044043,-0.0,-132.13760913961818,159.4437556490228,-593.5966748103757,106.42634929374859,1
0.7145660657248794,3.0586493778249824,-22.49055021690495,307.1936030142742,94.8402263238925,-0.0,274.5703009836332,-464.0128642016319,-149.2027989489019,-51.26561556276133,0
47.52216148992453,-58.88887277202373,-0.9507714994290553,-126.25149539679799,-90.92617238215173,-0.0,-264.80970271785986,11.290705543119763,-205.48666343091932,326.8840310580199,1
-95.9428753677731,-70.17490061254306,-22.461703005070945,452.7714600243899,-0.20087413458407016,0.0,23.142109881592816,-55.315656686323955,-241.2435412288782,607.2833943155158,0
22.939852889811,-16.340084568555916,-11.612776297985382,-456.52485707372597,-77.0244909270004,-0.0,375.840311938466,507.46225336071757,139.06818806435268,414.8704044431579,1
1.6052037909150583,-14.973852236119125,-20.327658803084788,-211.3039373663641,148.19998847676013,-0.0,211.38980417556914,-756.0365209322052,-65.3302291946341,-22.991169681658196,1
134.96181893631015,47.1367283171949,-9.317599699465356,493.64172200808275,166.5356118770301,-0.0,-384.2272824849688,-280.33308852063067,247.9392117537667,132.3159855415271,1
13.332744367210456,-69.91080722831272,-3.6248669115625094,199.62326029180736,-224.8949620206499,-0.0,844.2755283326286,-169.92711460070095,220.75183593651136,-314.83364069662423,1
-164.8969646729417,56.96478646205611,-25.72425225880225,-119.513614400875,-63.12078087951244,-0.0,-165.81512685674653,-455.4218804444403,-414.1922871135593,577.6024267595762,0
2.537918589031082,-130.92345492879952,6.081468552746623,454.3204574531341,133.8975162224907,0.0,33.70061556846771,166.2021892920515,604.5918021657419,-490.3608870871234,1
90.04368232144282,97.94529628094918,11.405746705390515,823.0908646682262,55.09786858695049,-0.0,-456.10401276429576,-156.7887108426593,121.60736385005454,-63.71465837872839,0
64.1623065784429,-6.074488231628185,4.279021311707072,66.11227828172444,133.0685271634311,-0.0,-156.90953047248442,655.5253971991842,113.94127907118573,-141.62108600692503,1
-74.15011120763835,124.77646221637531,-11.256186392201085,-85.32959226075762,-39.835842884050614,0.0,97.44888664025031,130.92679010451369,-115.3012532511676,-449.5988843442509,0
31.518940504276202,-28.09522431302146,9.21195067511747,82.94733881555514,-119.78130752584028,-0.0,256.0347383206071,-508.81092760893245,72.0935668378599,-585.4420326198413,1
-57.54207380587263,143.18698334060852,-11.467055881578112,29.69311648714095,-115.99450569288273,-0.0,155.11934845487502,486.42322874739057,-52.32323891385004,-86.80769220677175,0
0.4331781701961077,59.65729901785576,11.455920784349816,238.96515332324321,76.63864342136497,0.0,-129.8791315952256,-252.89146594835796,181.29845440451305,282.84184162074985,0
-100.59029401458659,25.486665620960945,2.3988628095102844,326.97259891487636,-65.42210058497703,0.0,395.99191919323977,-1209.7431680899092,-260.0348956737586,81.01590112695213,0
-67.33294845913578,66.47974760110117,-21.26360624065723,291.7235350597183,-174.77842377931304,-0.0,18.86858063049518,374.81487933073487,327.62349376728855,-300.98305612957034,0
-41.53951946385433,61.08300377281927,6.5517913446374125,655.0791920134311,51.67321253012676,0.0,103.45370843799408,-769.4179565031449,372.18079283019233,251.57567310767854,0
-17.3053119596599,63.07979624240534,12.85561276373392,322.6086308159352,24.40340582844212,-0.0,-29.524887269620507,-164.65443299429697,6.145004334147748,71.70296770189705,0
64.67659185663359,-9.480411949562123,-18.924712354125386,-39.810614917556876,-142.18881475404103,0.0,-29.640079503731705,-214.7514878418607,-473.84905385231826,-325.69285496778906,1
-62.79931248156869,65.1457090458941,-10.318391716744193,506.28806519342646,2.46765231451637,-0.0,277.24393300399555,247.79973918705824,-184.53692644437356,114.11952934713837,0
-94.037284218932,-27.91206237480055,-18.076868216234406,312.74097520103015,66.13824649277355,0.0,-675.3948387191308,-155.84486725275067,171.67797922654051,-233.94636927812962,0
190.3847212901438,-70.9249386336224,-4.14485971016694,36.20707823749346,-99.73075354935149,0.0,-336.58994907095934,1070.8850785918662,262.9052175215128,-71.76860499975993,1
-29.175222055836073,52.99029503471123,-8.789867658600711,399.97520431948647,96.49185198731823,0.0,507.0597869693145,-303.7536726578232,120.60383886002293,132.924999882677,0
80.62183859875653,-74.62276891515555,-19.154827926769514,-252.75268456346404,6.162132360346101,-0.0,32.003762579779526,-600.3959395318694,-108.16372174287567,-292.1819186298829,1
175.57814932189518,-49.045188014537,-7.720945004716877,54.5696448768349,50.03216915100828,0.0,-360.65126113774744,-790.4922717554936,79.80826191689789,419.56632021450866,1
-25.023457748972838,-60.085197669341746,-16.606880100602943,47.025569612663865,31.89415356993544,-0.0,424.6498566274733,618.9173987236063,652.8400239945763,-32.40689967814414,1
-225.74523806723838,-44.89224429610411,-4.708500951471524,127.80476912370885,5.576796648536572,0.0,164.27624861887145,70.52123034607767,470.2461941919874,-86.39357269693527,0
-92.96797951645937,87.58918611774175,20.277343441648085,-282.9377202064249,-126.25325716526946,-0.0,367.34084421414985,683.2941478504792,-129.3654968481489,-289.78730857605444,0
86.70151077908939,-43.21944687025102,-22.22135331653554,-224.83156276274707,-55.392084907969455,-0.0,334.90257161847046,-132.71517514240279,364.49832335029606,94.58890983103282,1
-139.8522567877889,-63.72122980692193,-8.457848292021245,518.9766366060371,21.593623945801173,0.0,621.5752494827517,378.8753020691526,71.76946944932604,152.68826368828925,0
133.01806848943073,-125.05185488460508,13.200345554349417,47.705418057118166,55.35529032328055,-0.0,-452.31109723144294,235.8141164132809,624.596219745137,-232.67814723125394,1
-108.51882622674646,-14.463336446622977,-7.771677132711612,288.0512389310039,24.059885870771005,-0.0,-231.0317643666158,20.061580973449505,240.84954265349708,115.33407855270781,0
53.21575990154974,69.06944140956789,-14.689138663325483,500.4933219990219,-84.47317419311373,0.0,93.11799587268625,-82.65849938193287,118.32459085891372,181.62419390236803,0
-133.70946517017128,24.015110256882156,16.217711354328312,-77.58079277468681,-10.40969432754106,-0.0,-201.75177028071835,-891.0450465356523,177.21911370304295,-368.6558682637665,0
-22.363917495693897,116.68001871901316,2.3274513528043768,-27.68192176446677,26.342610151173787,-0.0,-420.81261951533025,-527.5115453477213,542.3416036387289,-80.2029533357706,1
-244.9108833706174,-18.809240028939296,-4.748749814833729,-95.40184582046629,-100.17887290031355,0.0,-243.33141160807617,-367.03846093447635,140.9357305935215,-88.10054562639971,0
163.6717652128264,-33.587444312348026,27.908658091025515,438.5407209095513,51.942698058592754,-0.0,-436.9443852057323,199.112536809522,128.36058430695422,-173.06212123671415,1
62.82660121834643,-39.552631794965166,-22.528606433144017,182.47295888388697,173.84988225180214,-0.0,191.32217903767,419.66353355035375,66.43503829220147,176.61529472403106,1
-120.64017389248795,134.42286029083607,-5.252612741714904,-264.6949640963247,106.881884546792,-0.0,111.20480498995772,138.40176993626125,251.3402871832462,226.60970454001003,0
-139.0904698913664,79.93273616616689,-11.73314664697209,328.4870665869615,-29.400482266664373,0.0,-173.25444064783258,-528.9453853391418,-48.441443996377586,71.45710912554492,0
-57.22078955148435,34.5750060951226,-3.652134252040719,199.08458390142653,51.15473887689347,0.0,-260.4287527378666,64.77633684216913,-186.8260205773045,81.48362171798536,0
40.386427877261184,68.64294147047195,-4.780684133428578,-268.1608779099156,-148.53668741743158,0.0,307.2692150074869,14.011741052648746,186.48577487131183,-579.8789628591104,1
-76.07464865381216,94.42613140290034,2.154353320401054,123.40343410046447,99.6299352668519,0.0,205.9115719764108,-138.22339217947214,499.9913225010529,-57.78389708039806,0
152.68568930582933,-53.17183549509752,13.250026586809033,-344.72573162331395,-88.85742750787747,0.0,15.967142157156903,-652.0235816411388,708.2726767496339,-165.65838972335754,1
-148.2594146115627,47.97765967449151,28.06804188854779,362.84273189638793,-73.46809993408202,0.0,149.19287918605687,241.69573700924067,90.57434721448783,-267.61628313084566,0
-6.052705738953021,-78.81453926105628,-13.328540391245385,203.88506603133214,113.09565304159428,-0.0,192.41820331604873,-422.57961880381197,391.48954575995737,-247.41254653062026,1
74.2505600134889,-104.4290587258103,-9.442823353617475,464.62296069213176,-67.21574019309558,0.0,-52.09924891297159,-518.4478132325373,256.4011926827968,-24.500231032907227,1
156.83948421134562,-209.57314805274643,12.713430097557426,-252.77747660665398,141.84160854961874,-0.0,90.63030574598024,-162.78942567872667,88.00859496446516,49.47409983227777,1
-107.98646063258859,56.833196981297064,-1.6072965597762912,-34.79537100283343,17.831005435028857,0.0,-261.78097798843453,24.194888799707797,-150.828081431017,-21.88422655428372,0
99.97198555638991,-45.033011309963584,-4.215557393515373,-167.15060358522348,21.79080083236742,-0.0,-334.7716413039837,947.4481530398609,150.82992957944646,16.43831045811792,1
-165.45689312807988,110.89131020724771,-0.14876608791819004,97.32656551195373,111.9346926283944,0.0,323.8316180979202,-34.248918089309974,31.844096781119866,46.774119676082385,0
103.4466683592645,-112.53749842227066,15.722462924818581,633.3346460925784,-44.08349029947765,-0.0,542.4351262018276,-635.9435430580293,311.7130830813518,148.1446203444008,1
-69.23656308452067,47.183665301649974,15.061023922098707,228.3733566905022,-101.29040987545561,0.0,296.98225189089476,-386.80522155867425,-176.98898759092563,-5.411299288421014,0
-44.96995100758221,6.894025395281967,-32.87936337854037,-285.21823931674976,61.368429824135,-0.0,266.2562718438862,596.4233183369832,-221.82430063688872,148.6387467572224,1
-82.33013449972874,66.5228638106136,-14.982047319807439,489.27090813522057,80.14884541647484,0.0,258.88733551722345,-12.000170611072727,78.71035880520358,257.91661633361423,0
-107.02555773523412,114.02325369800893,-17.998472216381515,-22.405474487358685,98.51412250289101,-0.0,-39.60846116038139,-277.8521005492401,-58.1450655499013,190.92550664506015,0
155.78117253859568,-82.29756255849128,-2.3981341045193094,-297.11451553540246,-153.93721769295612,0.0,-560.6956237574822,624.9556436589318,389.98521269134943,-635.8688205813252,1
132.9549299983081,-74.48359789005822,-22.67727570232285,508.902081281805,43.0646144352163,-0.0,-272.05895613347127,575.260170627068,-567.9425830785175,216.63083279869608,1
-10.499186242150794,-60.9849295989419,-3.6610000991295775,-687.0841090008875,-86.07790321499691,-0.0,-131.16544923700286,458.7853549546623,548.4851929082186,-96.93578285926932,1
-91.11201503505461,4.891241720447535,10.058852925422485,-12.530091305236972,-19.519032997376563,-0.0,-292.7536693503802,-349.26346967226203,130.04333222271813,-360.52794131969745,0
-107.70399331637543,31.57035412313241,8.053458339980148,-67.75858150582677,176.5211620451558,0.0,-36.0083727013844,575.6312004008686,-734.567375356853,25.079764673803915,0
135.1889453833533,-64.75606737950037,-27.62262248276278,462.2974883620115,44.96213818132598,-0.0,-313.09756045925576,266.7723019716383,46.890893602292614,115.17948510377838,1
-9.691002453050006,-13.056617009817405,-11.552107671315447,-41.037491464093584,-296.05033755296614,-0.0,164.83066506865723,534.0356027794696,-566.837602127304,-170.29632817757422,1
20.06232178471801,25.138133460730792,17.353997521843922,-321.08373265313406,156.5355979880478,-0.0,-320.20644768976734,-89.38535493331322,-30.37704904276607,465.2100492477477,1
-103.04673414830586,30.15906162114544,31.58531916308717,-82.92304316710631,-6.934316881439205,-0.0,-275.4707031567771,368.3924917569084,-206.58249524333428,-409.9094829178531,0
89.51822297593465,-120.31888301674432,7.109904023020622,-388.0465719991329,-16.64904481999263,-0.0,-217.4186000823411,171.5774087269894,296.0690382753718,50.63307060290027,1
-112.29672205286133,-43.9461057687661,1.3587777260887952,215.85271060875243,-205.17495106453126,-0.0,150.68614966488593,34.75135726006986,401.2149144857159,139.94735163978405,0
33.45193918300548,-23.447222892314034,0.10125270864970927,-253.15912101552513,212.86307742155276,-0.0,431.3353122268383,550.5564351721512,81.19961931822752,130.27660123970267,1
-110.07755028318951,144.2007816039364,-0.3669707910162834,-86.80258907988964,-141.00714519324572,0.0,-521.5294440280961,109.35487197643883,495.25601500149816,-338.2413427205251,0
-9.218914576943304,-6.4151273939405415,-12.009761395057662,-339.7332813907721,151.99231863866254,-0.0,-443.6738000885074,-521.789414440819,-138.4350836194739,-173.0733180650027,1
36.05709406698108,13.549651756936473,-11.9967573489706,-213.81232662250082,7.318124643583228,-0.0,346.0172067092097,169.02918352695488,-335.1441055966516,-487.7979588490572,1
106.75681145272978,-32.720540817827356,-9.583376769125703,349.4323159990565,68.02135872065077,-0.0,24.07411566817923,169.98861171018422,82.02752538883492,182.1195145289275,1
-143.50984536298435,-24.449128042665738,16.719779627395813,455.74177184032436,-31.11998609836711,0.0,267.03533393336477,575.0205958188925,107.56325793592843,14.035216137751856,0
34.370902935550056,-70.54815691325945,-28.202888632681574,312.62904382621355,37.48284942367611,-0.0,150.7731170302311,-1099.6953865453236,78.5225144176431,41.00665114466986,1
-72.31757683775028,13.653202128760764,-1.0074734118188284,9.659379529516897,19.492914651967553,-0.0,376.2225799157408,-47.48267776902817,378.4949204298428,-93.09918085989446,0
-19.496118098431275,-62.42455852323738,-12.065977157370332,137.3777102158462,14.374805402124469,0.0,483.03546127636514,539.1329144611142,198.88583723345903,-886.1892511187893,1
30.712704515509316,47.505407342600655,-29.39876712929217,215.35645508387475,-20.4261700597713,-0.0,214.56735537534337,440.63935488953064,-199.5254769182366,486.1473411877558,1
-23.185792832923955,22.737654465441103,-5.453433474164431,474.57894197121516,-217.98201230077967,-0.0,293.68804064345017,286.1231381724569,-464.37117107386285,550.7039763896139,0
-94.75982081326677,155.09350771253818,-26.876917750215785,250.12714887448985,228.7998297173922,0.0,-300.28580664601066,802.2691596957962,363.0608139315982,423.91576041712943,0
-19.90899005059329,6.362022451824022,0.8744217517709039,521.8880996186679,84.11621631108615,-0.0,-214.31432658645977,294.3090476673575,-92.72220839084767,31.779867538288364,0
224.35263893559525,-88.68076899893065,7.134952298676218,802.4947270376111,109.45780798556191,-0.0,-158.45437169989148,1156.3789271994724,-43.60548124639417,-134.9723793833527,0
-50.64750484522091,5.9151360971392295,2.8219069662639953,130.03794630657077,254.5464170411691,-0.0,38.92984464547641,-552.3719176858039,102.04264952048501,240.35087981368,0
33.79674305943347,12.114245667453794,7.208714178479708,-447.0603888950895,-49.78528214627369,-0.0,82.16736783460578,-176.8646522538507,-432.78342394718936,-174.71158088014016,1
-96.03169897262836,21.849383776426336,24.775325155541807,3.3823784536382346,-153.1595951470382,-0.0,-260.08028347509895,210.54145646478867,-86.54758293930436,-73.17104738543063,0
39.204014766700176,-30.700210600419148,20.837308792130735,74.46889823947866,28.542883781426045,-0.0,-117.87780495112773,265.14410982821323,-275.9695357257101,75.39102505565457,1
-81.6903829104033,93.45828256773696,-10.606298815012078,-150.53261586226918,-165.06567904322714,-0.0,-25.032471927143906,-360.4004908697557,-347.2426369796903,225.34596774749525,1
29.798446962696865,115.36299942735604,-19.884713529428915,314.36473553792933,196.31059481947014,0.0,-34.17247228909051,-11.976345982426743,-424.68670447804664,-353.60934803531893,0
19.10292978095187,115.27372288534453,15.987350789643513,106.27204687371676,50.47974115709818,0.0,345.7144360223855,-851.5651115505448,-49.758631102327996,285.3033383134023,0
-172.30245862597553,58.57372504237739,-9.789674471307082,363.6043971422761,147.00705320127344,0.0,-251.87381232976534,-263.7312882562133,-3.78025391803737,-348.2511988470301,0
-21.27856768378656,35.76458162960997,1.000428140078118,-463.65872741558815,157.7383693073535,-0.0,141.04190405792886,147.25593835081258,-608.9105966343802,-259.11892871077663,1
-20.27130592878863,24.163968234791266,2.6618317824141378,134.57645439996082,-58.21069155928856,0.0,88.56142210721208,-712.7355727303476,279.13044886989235,-351.94128969174596,0
212.7675705447962,-103.15230502284841,8.756687882052875,852.651596244178,-79.90104889290593,-0.0,-183.4054690725469,31.21309022136318,60.417889600268154,433.72109486285524,1
74.48464173134687,49.66405926300892,6.765156213250817,737.8254161067524,-166.4365925823587,-0.0,284.57919310429315,260.83121666702476,-388.77155038770644,-99.50856923798952,0
-111.63768833951382,33.12837898704359,-7.906215266698148,261.4517170654119,75.90011043192307,0.0,46.59063684751594,218.39660196532043,330.4266081441108,199.61256203883073,0
167.59784221576115,-75.65442573273307,-4.167386721938072,-385.4560476705315,-20.317149470506283,0.0,-414.462274344362,-814.0444842220187,-164.07765253243957,571.7564743481038,1
-80.41916423624502,-38.983295449064705,-20.002628852316263,-231.32030115000393,-144.22393624810334,-0.0,-226.47277669617444,87.08027284901286,-260.59930672448473,-60.06013377430176,0
-163.34846599976748,41.19806763582611,-34.39942196603867,11.670181643457205,-66.86606005197353,0.0,-88.636792984502,-507.1615477735733,324.8759592356918,-354.67552195454596,0
-114.2983196710851,-15.616443287956923,-27.69623432025382,-376.4935412036913,106.5090040211731,-0.0,-599.6103519648466,419.71556585336026,-163.7718548467634,279.55564601258277,1
-143.1144452725255,4.888588590485424,9.340899162512674,347.70339733671574,107.17827624137573,0.0,264.59919262185974,-438.6123557441551,-11.692798462171679,-140.61360432859635,0
133.16925711312666,-30.00186910083345,-10.420224987991887,-36.325963603004105,-77.75659932399886,-0.0,311.8802773703131,147.90143170109343,311.3780023651679,90.8216023103857,1
-144.6656988062693,1.101535055922262,-4.95942739550594,259.5859263390523,22.512080061271295,0.0,-595.855838287159,-248.7810352676195,-377.00241281997967,424.56297243867624,0
-45.28264816186622,-56.78750101410282,-12.697885081181962,59.461482642463736,-197.54321035248694,-0.0,-256.5913559816577,355.3703227848773,-553.6837197596554,21.043232847932625,1
145.06980809275004,-55.42092013725276,-12.018834144851759,426.4401759387532,-41.263148530644635,-0.0,239.31954408780982,116.21970390180466,-49.427731847566335,60.303918741627236,1
-47.118422410194015,-10.641545572014723,-27.20412000319744,172.72780264050164,63.02282253449137,0.0,498.54084606074855,-433.17843992368705,-42.846363961403796,-373.71931100148737,0
-164.78040821553466,23.3246163958329,-10.264424391138183,267.0950050509712,-57.602643032616236,0.0,495.7814289849989,709.4650192868427,256.2194270920708,123.02111047339426,0
118.55001317373595,33.66817170975143,1.0265067705188295,-41.81756105280057,69.78026172287363,-0.0,10.474053658608778,352.34823255014066,355.0992310149497,-60.86620866075013,1
106.51615274496908,-137.5730370089242,-13.639704330742202,-737.3504186287956,3.0370816354709116,0.0,369.80151796753967,-405.2132631548007,374.61828061672884,68.38471321787128,1
-35.85029524927013,-44.569643050451155,-20.75526316600816,-68.610726554652,-53.80933466290813,-0.0,158.84377743762283,602.9483210006525,-482.15912995589457,-472.65054389217096,1
-88.36458087016447,3.5059799366978472,5.405669897979474,620.7287343260077,-29.017382713954635,0.0,-460.85408876366523,654.1349275193567,-249.17720045972092,132.83283329717804,0
-85.30219220391155,28.617226406637474,-18.801339382758826,336.6980895754987,-140.9831559715987,-0.0,10.376386486802236,763.1081202502168,503.8365110481869,-11.211017541797743,0
57.082209596160936,-92.41290906070756,11.273474286508218,424.17565394876556,-112.65656325142668,-0.0,-144.3735833590927,-754.5924146367912,-386.7396584033995,170.6389683907641,1
-136.65409921161128,30.762749951020314,-35.46592007474349,270.18756005722156,55.347079912095126,0.0,4.6468361465526815,-689.0272992378461,214.69065989207635,174.18571200023183,0
-131.72485089230315,58.73454306059516,5.284972270855684,408.0484110262389,-61.93341153846619,0.0,-214.60908212576632,362.1386273706275,522.455191169456,33.109672859427754,0
70.35537842416535,-73.7617580852742,-13.098388204961857,-281.71921202067693,-55.97092272940899,-0.0,-443.1915656437211,-70.86037484557072,-125.95938271965939,191.99921706659558,1
98.91888412812247,-104.98309497881888,0.21504676669257844,-384.92501526019015,109.75304800017845,-0.0,-134.47734792004016,255.0423565616935,-66.95714071021783,-161.13898054599355,1
-244.11563381368262,26.377451655703386,-18.64027824694805,-49.586941906681616,-26.224576157909265,0.0,462.87280691691524,-453.46435184299145,447.1155691135876,296.6906401683096,0
63.53192954463225,-67.22366742095795,-7.571318510162606,354.3942549605539,-56.35594292217123,0.0,-23.620912628043076,-709.8424429982518,-751.0925160843325,-938.7231422185523,1
31.876868364523986,-133.7816866112887,13.19255604790713,725.6140649979642,-111.94966570445614,0.0,392.6744727538959,1070.0663683181194,142.85224854547616,505.1563769160756,0
1.3639289470413862,-107.9460457111988,-5.2081742008033,383.0173953958545,50.453551836132974,-0.0,-85.3381332892352,259.1897862936514,-117.71253548291484,-320.79231370741354,1
135.4474748297517,-1.9838965707355398,-7.797991613716005,222.52226833500086,96.55048924212139,-0.0,210.0586975211124,348.2511957673138,-282.67128433834523,-169.09336383220972,1
-100.17313526792377,1.9555079985235346,33.80881453088254,522.6934466687541,-165.8110108043429,0.0,-557.2538817173947,212.09080694309392,-403.86652366596456,-293.14333292792344,0
92.44465591039999,2.2027129058927866,0.07848061567742386,80.90985642913313,88.1658747770315,-0.0,102.78935642789516,218.26823192944093,76.9221033669368,124.02377775063286,1
-59.74226126466851,85.69125642788634,-0.3594845785367027,-114.42472906500812,-110.97994059682794,0.0,218.22560091557466,241.37310327869244,192.8527578633526,188.22388234588502,0
48.831110063817114,-71.25712908421261,4.071338669089026,-787.3595189816241,-106.15567152399171,0.0,200.4043506001623,248.5153720287386,-224.40911054268977,276.0994246029521,1
-126.85931912922211,27.219203417354596,-8.43348234379822,-276.3872868418207,33.09371581411828,0.0,-216.44424342598487,-127.47328760631895,223.10534803151765,-536.2565861075703,0
41.497461135292646,-41.29317110720727,11.01330776563835,-326.66655540402536,187.57534836372173,-0.0,165.20404207593637,518.155777977758,201.76055399297314,12.655571535783197,1
-82.1535186204305,92.54992082803987,56.22675518201942,144.53302961888576,-123.82531412536225,-0.0,-340.6388861803221,-416.993620765786,205.50057044560893,-348.03215861088006,0
1.6367951700668062,94.67251404711897,6.450325723611774,516.6536524338733,-17.57879951671674,0.0,-342.40716276812236,403.2048258080874,-327.60435612093835,-173.88902880223512,0
126.69475037244595,-35.593633043896396,-26.781951176749736,330.1887788620034,-43.50765929886379,-0.0,69.99769747296384,-495.8208870382927,-588.2692502091363,493.5940655286136,1
-159.0292085425301,55.3634922027457,-1.5826659939312784,-70.21046193925794,-70.50475694399375,0.0,-44.33502925850196,509.4875721533825,-348.8692205908626,-219.77918194102006,0
-163.62802292662334,48.49082923623756,24.33716386313942,509.32601429767266,20.091913214209953,0.0,-294.05698282946213,223.41111975205925,-397.4035857644941,-652.0475141598248,0
113.52575123270167,1.0358437719703095,-30.460628596077242,109.47283869773416,53.012742211565175,-0.0,-599.2553825806187,-646.9018174379419,473.87327520272834,588.621689578152,1
-30.93624428543618,40.05804131312373,4.869877359801585,589.3422579294356,-11.070391983736512,0.0,102.32953795834712,221.26112393941364,377.90572664533164,308.18395974243356,0
-8.739854984555699,84.85484569803701,-12.402727943181981,165.31638040712232,-91.42494373370141,0.0,-91.68449260663023,481.68356052214125,248.32179924756497,-277.5562320305178,0
76.99449156145478,-67.98893257003178,25.294616519312,442.55670361573505,60.99618601466099,-0.0,135.29086453035475,-624.7819430215109,-378.96541413050454,32.06833710929689,1
65.00117278569101,-95.64311473368483,10.138451504047042,556.14946100696,-4.933808081679708,-0.0,-254.89685465904347,-135.4398613757411,-54.65631024245169,-53.10630421091495,1
22.656500633783573,-16.00924987247607,1.4277805791602185,90.43652879276128,76.43684384638337,-0.0,141.5692291257346,-455.2017131496542,-48.324288789154274,-307.5211330898229,1
-138.7518378679075,61.30964836863505,-8.306469629833378,168.78549869321736,66.34106662297494,0.0,-529.5137730928498,-411.8957005261215,-287.68335188562,-358.49043734935776,0
-64.68064058186958,121.53738737714869,19.544823039724797,-143.7093339101999,-68.75386063841232,0.0,606.2410160126028,105.92438147497741,-229.89056493564257,21.04958031158391,0
-159.58889436308317,146.85481500691975,10.613820624119883,-263.27702571475487,19.917757640411335,0.0,-497.51661901111873,189.39908401678176,392.64761851471707,-192.9483053324439,0
90.04787324420006,-40.53157281175396,-6.893543113504352,-18.87780391775454,55.206268790612086,-0.0,321.4507601505571,-254.0921769853866,-161.2127528488183,459.44397891170917,1
10.832775274227458,62.87511495748373,9.027634429763545,-151.2677752672867,65.96508165961896,-0.0,173.84144984766044,-452.4085140855231,-1.0299762595660706,568.6701137420138,1
153.6250676387416,-29.451627684484254,26.120211306413292,471.0822443769075,107.6003481857287,-0.0,137.44779179485846,-23.72111626016072,71.3725551680286,-24.05549479013293,1
-106.04506520526081,26.186107795762084,-6.230953610078346,342.50122307952535,35.07094999118285,-0.0,-61.566341437662835,-133.52999663523536,-785.0606309856076,219.9808682565835,0
38.649931216133986,-35.183723458126025,0.9455446070584747,104.72403439989291,-136.67999938473008,-0.0,-347.381947070988,-94.09997842990542,-111.29791845803767,-115.5918287153631,1
-58.356316405753184,105.05969505669582,-20.2622787152619,-112.19212905360885,-52.2721612506967,0.0,-344.24543797125,206.85709386003205,-383.5487133694251,343.57075858112336,0
63.440075349324445,-34.12567336062107,27.547585709185714,-168.11490144495298,35.48775431377902,-0.0,-521.6112978445631,152.03203237989482,-490.20197284009583,527.3319781563126,1
80.08670228144153,-26.06297352248336,-15.696538571206874,219.50232046860506,-265.4047150806724,-0.0,-66.46457615744163,-592.2922575101304,402.00434672952423,308.6737655078022,1
53.63091632410068,-6.814634295135196,6.938697453879781,-231.08443768278443,-58.59514020723182,-0.0,-320.2021783903918,330.00638009511005,242.31016386620246,-231.45031305896813,1
-183.36287654107568,20.696881061815827,5.1574304600602865,-305.76263842334714,-65.17092744896009,-0.0,-41.50819647005126,269.3503911448619,46.355912072210344,-364.81646277013124,0
-123.72143441300936,-41.08067182920007,6.7462525438089,380.2434691008385,-32.37197390426628,0.0,231.52508608641503,233.181022856032,225.6220191821396,364.21157534925646,0
-107.87139847546328,-69.76938100582565,29.628909888676954,461.7896337563927,99.28227064803052,0.0,-420.4704534722234,928.9124258446815,-679.3495144689559,120.80429017349708,0
-65.8770938546985,90.94845463497897,-2.704279136975692,-125.70669585585286,-58.59085799522018,0.0,-495.61830499882825,297.53743053177504,129.7450471042515,-1.9027089453059574,0
47.70769612218825,-56.74809988870695,1.2137043049591834,217.01693834451012,-114.20313831162049,-0.0,-151.46040845775366,235.8659759446046,-230.03170489937153,303.39641425941784,1
21.512214506537752,-19.36395863599945,32.20706626953855,-455.2343174276823,74.36427391758482,-0.0,56.55046061418695,1304.7907716404209,-884.1721655775749,3.7921512320740125,1
114.86707716090453,-20.21938432885419,-15.213217916289233,164.99246215550454,-52.977860610583406,0.0,316.1399234129871,594.6374707314341,284.6274324707744,134.31013560637788,1
12.99829894961721,66.95289270981256,-8.660627033972066,285.79379476700615,-97.05068344291348,0.0,127.48144437677728,-191.1138296467202,-304.44223548440476,-41.46193239998852,0
74.67725104900906,-70.287145209399,-4.553755315596433,406.24840978473355,135.70122867944127,-0.0,-486.9607136780999,-339.88252599534917,46.461688347756194,200.99532205408318,1
-13.096171718445007,7.08014008696194,-5.612535572861654,-227.16079872334672,-96.1137657940836,-0.0,536.2253550719147,-311.7794234373237,-581.929712135469,-65.20775912706142,1
45.92110706913856,141.73615741002658,-16.497550268360634,-267.203162452633,-227.77533434617095,0.0,511.6619527781028,-404.23142356569633,771.9322984726625,-94.8965124123902,0
9.913128300326285,-6.442027105757155,-15.163790454957342,583.0819236110436,44.191893278183954,-0.0,-95.6233973423208,-340.6420121965725,528.3519329234849,-116.21433431845597,0
129.32956729677866,-57.62046769532009,-15.902304093903258,454.0020610400341,207.91811309250662,-0.0,-487.78569031623044,-168.76942334040984,-501.8784745385195,169.16759564408557,1
-50.93102368434925,69.4741971399955,13.568723283825461,320.317433900582,-79.3306909983738,0.0,183.43178750312535,802.0886907605317,-134.27185910147153,111.2902646235506,0
139.27764491147713,-67.3983832934016,-30.366156776290566,164.8040791557938,-110.44071595125062,-0.0,-103.10955074895176,-540.8356455792691,-55.55868891184699,596.8877324419096,1
93.29395181638904,-73.70950835454308,6.169407323009183,-408.12053326035385,11.324363847754203,-0.0,53.11517170342202,-9.419933655842934,-157.04453425600178,-32.82045117789973,1
154.04548155488402,-89.48211007984784,33.055470211681005,73.09546360134586,47.16601190098602,-0.0,-59.369139005863424,-463.7571484577575,-170.25219239675295,229.6491450233271,1
36.231940000068434,-27.092574068238157,-6.315897765555672,103.40816325347033,-111.44329202936254,-0.0,14.852157120344739,632.5119946453894,583.2371494093865,846.1419618692921,1
-66.96274845153233,-10.217331203992279,14.185742685644529,375.24111177845367,154.8702024836874,0.0,-310.6600464232771,-340.5423692348945,-383.0537392780571,-254.1376055606596,0
66.72777774005228,-24.82367166578834,21.258098278405487,-239.88873430037,9.928471784001788,-0.0,86.78167316377125,-677.9255829335352,453.5177727940441,-146.13720448569072,1
-121.03157843813113,41.243767941861975,-1.737604459540133,-41.30456657303675,66.52929293751595,0.0,-272.94242423594284,50.475144298822435,116.99907998395452,-620.921227297916,0
-151.88513105414637,35.641880338131664,12.254631518395733,88.32153089193831,-83.72885421276641,0.0,111.62774413563446,424.05675083402923,-126.86204486384193,265.6519643293437,0
148.7197165621405,-140.31240714452093,6.667925990173893,-12.47822195290708,122.42777122049236,-0.0,478.5625161286879,183.77688632421507,145.95025248350848,-95.61605755766816,1
-44.28039769483463,28.137950183887412,-15.532710358696036,478.7202902982169,-4.675845520112796,0.0,-426.678895982756,393.8182031674672,-248.64679077185113,252.06536922773276,0
41.16142795736188,-22.841578504875528,-7.28541275525701,-43.498819504879954,-184.74006807237896,-0.0,-170.9106610019221,151.10013674337412,263.91856293607214,-599.7805106326377,1
46.86656431077827,78.8136460289908,24.78156078103289,229.151671128667,-70.25001255172094,-0.0,-369.05584841461774,-120.06675647837243,47.82756098299751,695.0869092910905,1
136.5453757549085,-13.815785722380227,-13.316786011841856,294.32231037844304,-6.605432061207232,-0.0,293.56833747246003,34.292648255215596,335.250214192408,-330.9212474427069,1
-63.80840540479102,-74.99461746965923,13.084505088919656,251.03787871206234,80.74958236937856,-0.0,98.4405145067483,365.9593253713619,0.24611718083561776,48.64306065064659,0
129.13202426168996,25.535073597627463,-8.437183091871347,141.42502660254644,-64.08002417015769,-0.0,-323.3819035201992,-412.42041403796406,-274.96466738649366,-39.86293347485814,1
22.2195426859194,85.72951252088598,-7.727223183492216,488.98912515692547,-183.05844076606982,-0.0,302.77291332407685,-197.4927887610774,235.3831475762584,84.47559655741364,1
-26.562200905737686,-15.73546280240532,-24.758025480129163,-310.6373610021005,148.31022354488772,-0.0,-496.08416417536205,-257.90828902090186,209.1962519764392,-239.6216399888913,1
107.18530799467352,-3.089711794570118,19.162597970385296,113.52492992034607,23.59456239325239,-0.0,-551.8759978587393,356.88321993076397,-571.2939997398211,309.66522526502274,1
101.88803861133248,-82.54963469628701,14.972597318057694,-275.3892701857985,59.04303024777898,-0.0,34.14964483429285,-818.0938465097177,-383.0222103920494,-347.983836091865,1
133.89827784583633,14.847604284600113,3.047875464973103,118.52675421101164,26.355624444877908,-0.0,774.3289431986199,-280.90100068765787,-270.30143049513794,-525.7857299992851,1
-193.33894174460463,11.178183408687785,-19.046298951232618,96.36811428182185,-26.555551253467332,0.0,-38.194182831966415,-469.0899057171629,-234.43624966478365,-31.249088420123254,0
128.32708259818415,4.036163519653499,-4.7368972432973955,147.40997792931648,-36.115175107136864,-0.0,-349.5839165866169,676.2921654979194,184.31506733757698,5.9676446693318494,1
92.48626045872703,-79.09711534873308,-9.565676579514095,-411.1561013808124,171.49566994452834,0.0,-478.59755134377633,-180.16305190978343,545.3757657438664,151.82809199044647,1
-110.81694885668739,60.74811177643428,9.75205074250304,-222.10231170456285,41.01973355894919,0.0,732.8171865534648,-384.1557660482772,-375.2929533027274,-169.21836157226582,0
40.93954251620755,-56.635285456122325,-15.853907038352416,202.54206146508844,130.29080501916468,-0.0,-192.7767042330555,19.03240559471656,-153.83471089732308,437.59253117655226,1
26.56073865765927,51.16564909669725,1.486866757897071,-282.3198592924954,6.516156190453205,-0.0,-7.693728829914117,-548.2934359219803,334.3739162019471,392.81447695526776,1
64.01139658340365,0.4073821918981829,7.9912821627161925,511.9759753667557,-167.69905284722807,0.0,-364.09960454986316,491.4997500298319,-341.0854124559348,23.558260147653304,0
-54.529586933780706,84.31552142122213,-13.636824010650507,-59.83339455499456,149.75407186680997,0.0,-62.68726971672325,249.0730066586604,46.38737864508333,-19.60595394646192,0
89.70357043734244,29.396570468391868,14.609276372183478,799.2061616938674,-184.35829050090575,0.0,343.4634855172604,53.63341082598179,114.75982639523033,-52.32383173407865,0
-87.5309559985339,109.64819141392971,-14.913128395802609,339.7400579356992,38.42617326227087,0.0,45.368262935030515,-907.9675311672557,-450.2319943986102,32.195063057896405,0
-24.502650022933132,138.90159451893723,-11.672294902395311,303.0091888349557,-2.2835217352986756,-0.0,-128.30022463846203,-852.6263957568663,-270.90215278933834,-583.1515122822626,0
19.55112299115235,-5.099651103805613,-13.688683464960269,-384.89004305762023,196.93859592695017,-0.0,37.11712053496707,-38.71335591949778,198.22067772085344,187.5690145974649,1
100.9908309563472,-198.44426604871956,5.217275616660193,-655.7247461041402,-128.76112350021717,-0.0,-247.50432124863966,36.94678430559707,-278.3537572914455,108.53304938160544,1
63.278953407155264,35.48194768280246,-4.9714066598372835,113.08909347328219,2.539121899326426,-0.0,97.04172109633288,86.73698686196228,473.8460320878124,154.20544817119043,1
-45.36953731247333,19.578281868645824,2.899776346159188,331.12927538395707,163.1520638219085,0.0,206.98122838095733,-942.9112498645303,203.70206768984295,-227.43255553815098,0
-20.830749732670725,176.8096743160409,15.279128936113137,534.4105237284028,-59.00709281613109,0.0,-154.97055239636666,-681.0760427027564,-30.12073126158751,-121.36652267480382,0
-97.93576742684948,40.91099978901989,-1.6695376611904147,302.672454038833,136.97939558455244,0.0,84.1594748801619,-315.6052432724041,-562.5665968939028,31.733873416740753,0
-12.62056505609488,-38.670003002548235,3.313006574623447,-74.76708175683248,-77.84572118223242,-0.0,328.6245835747486,-232.1505451256671,-275.08163266478095,-22.24096611950046,1
21.692475492757836,34.45868603769747,-6.133035802656012,989.2413259281882,134.11737922906684,-0.0,200.21212239328938,-212.90581776537888,-591.0288681314652,126.50716822675585,0
156.91210028374473,-58.938533498008546,0.6633067351912763,462.26833476960576,90.04408291660648,-0.0,375.5861807767147,281.6564289295237,-258.0087570960031,125.37295491342674,1
75.23138875757084,-81.01637472134139,8.165530200424664,-541.7689639498753,35.13225638050073,-0.0,-448.71400181346837,173.97958465889582,-36.58380416907266,-103.2754776020839,1
127.93748127764088,-127.00720324174351,-5.948741569025342,-227.9546333094864,-94.70776401378231,-0.0,413.7419922153846,136.2093244806041,75.3157222393416,487.24153985865496,1
-101.16209820621965,16.24069645631223,-16.40397427086439,235.58419225018164,28.04004588041959,-0.0,878.4280608528003,-389.10469437671566,-36.384792052965366,-8.567184938621017,0
-35.961340488606766,-83.1584494140448,-28.012408370337386,295.6347295457469,138.43577153427498,0.0,-162.3353316981438,-38.82655056103697,284.61967187968884,-515.5132481130913,0
43.47432403767856,-88.42175946123317,-11.03112302656355,-517.4341227436109,109.47643559567243,-0.0,-265.99820704716336,289.39267783995473,517.0480311553408,277.629652616503,1
-44.7499729878593,57.43946687054512,15.507747875906347,125.38874461344753,-116.77631247593943,-0.0,144.13574216155027,348.7769881819241,-65.78369760727678,69.66210915822954,0
124.66904430193891,-73.1038509860658,-6.930328523363959,503.5530241080191,-82.23847344405023,-0.0,-178.36161385430378,453.4530987564075,86.73323138741938,-140.85933165715997,1
-225.21823329958312,86.15921129685769,-16.315841819804003,-279.8699344970928,-34.93927573590871,0.0,10.562221373282428,-299.2175525857359,-280.2374165610201,-272.6848144844431,0
-147.93498695658235,54.462866196373895,-10.917902346709655,288.6820257771773,-216.1292534792518,0.0,-333.29831080799624,884.5139242441539,-117.13825199653498,441.9706962651287,0
-101.17081034396692,20.380537396802833,-28.930104941174434,-115.17262899809678,53.13325977787381,-0.0,179.15196948139283,797.163709120989,-123.28846645454843,-162.40365155151403,0
29.19196698224737,11.610323237967153,-37.11787491254033,14.90931535612776,158.70685653922897,-0.0,-539.2036545749364,964.507960433591,-214.21860911781582,52.34747625927489,1
-276.333917954822,34.48251829767316,-17.901083495805256,-75.40157736799387,37.80681577827051,0.0,-11.40371203148784,527.8822851110774,59.145549263580826,-38.19048183099442,0
12.53378550824825,-59.02940117744514,5.44798602407083,154.30618369795633,23.54134618745666,-0.0,-26.377892643319715,-647.0225758695113,178.33890519190024,-208.48412874935724,1
43.797619347362755,-97.36099222185742,-2.5934543144833953,445.75587762934566,-158.32620371510367,-0.0,291.4159743305426,210.99105676370286,-250.10764404584384,-162.56671322434934,1
117.75185914444734,-143.59533437274848,2.2327199134501994,-599.3893531304074,-151.4714084411132,0.0,-493.67359484522603,206.46179510606282,-330.77321276374767,324.65592897047446,1
12.573598697817085,95.53216744884111,1.0768499683402888,757.5226434356714,-34.36224965971269,-0.0,165.23676914675005,-598.2398056758656,-224.88671513965926,84.51160494612976,0
100.43601912342784,60.78599667150169,2.3765416557937047,622.5093507386022,21.139227715887834,0.0,-259.32751042394466,148.01863856256645,-89.77181803152482,-143.4845098803906,0
112.66131904915494,-64.74882289308319,9.975720580330215,-103.89779045395682,74.96801772232715,-0.0,48.446411297381914,-197.92424570655646,2.819039330946056,81.72688391256224,1
-35.40106569691429,86.59821595088943,11.588279164709157,244.31891402289156,-32.66691062952009,-0.0,-141.21433847278945,-519.2245527131033,66.29701831222083,-304.65576333962986,0
89.8736448982046,0.6131698126600826,0.15569961755978204,159.339664809414,-73.71598738042252,-0.0,368.9720338484653,-477.73816407362926,-90.65929466740448,192.1733838516858,1
86.74447991023673,-86.86664346528322,-7.928419415675624,-13.877275832057656,134.238047380678,-0.0,-102.99654271127962,-306.51025647989206,804.4705473421827,123.44953496160207,1
-26.217662203483584,84.06095309386124,12.950245955573713,165.88925375738484,-29.95285681612284,-0.0,-55.4080211777929,-522.5396885883342,31.190856255681112,575.7144958324991,0
85.22962849458409,100.78216417403162,-17.049883771088968,174.395311531547,-32.06387426438952,0.0,178.56716333665983,-81.64635124481698,173.55108878144333,236.12841614953132,0
-174.332787169,15.46388297244209,-18.98760699232948,153.41980215080446,-25.576726536698157,0.0,-81.07867576497534,-709.8292210607352,-543.4199769117489,211.86629298503613,0
-61.74826332495175,53.486544344777094,-10.510512152791636,340.3704572845231,-119.72099255077143,0.0,-131.00697379980818,213.920743336214,-303.4005951106743,-144.13335757928184,0
-102.2773471112417,70.42884950514176,-12.28407584828517,610.3586550072172,13.68153208427215,0.0,368.22965325473814,64.41689192518142,132.09845894407843,-282.932281898179,0
-97.17098984789249,138.4121254716974,-13.330664466949495,369.8338087340803,-140.81583954681253,0.0,352.235234947006,-399.7498874140495,1213.2270927549994,76.64418987891958,0
128.69894745495935,-36.04069608360902,-29.244453455493478,329.6585036611495,81.29007479421432,-0.0,276.5472693708374,-51.547829383479545,-35.275290929510184,-418.8882803165343,1
-84.82264141298685,-10.323616995283311,-26.638128817652422,-413.39644269343154,15.296816291122502,-0.0,-283.72966871396903,-61.09472597903029,144.83297754972557,214.66858175854327,1
37.635700089216854,118.54646078483201,-0.0531491628338776,440.12495609965026,187.6504875659462,-0.0,204.48748471141718,171.02839882426747,-93.89634458749322,-241.79619104655768,0
39.3523011315651,13.425766925446899,11.916609646331302,146.38622964463565,10.147592484037144,-0.0,-288.4140445917923,-1004.9908013202935,384.840518966414,184.63855427226744,1
54.47633636065068,-52.36870075156529,-2.6016960005793646,212.47635300218892,22.098727649349502,-0.0,-229.3573867063966,5.910447084487949,349.57687747176794,339.28042962832654,1
94.21486525348807,-126.65016401570014,2.325701162075961,680.7977867635433,-66.36594638014083,-0.0,-590.2446940110282,266.1798089988226,-143.8780305973345,198.65639826294293,1
-43.47191477464544,24.349829950142375,-5.175022346706721,-75.27578968259101,-6.34331761041106,-0.0,395.3093090524712,463.44639632573507,192.2986471994886,23.003649679906818,0
-61.17138015707393,-8.100842168065972,-3.4934755524310974,177.98290996614668,70.2275521617234,-0.0,477.6433234661131,-586.1147040075123,-123.76355835533437,-183.12674477953533,0
-82.79643460855223,76.3328806374893,11.48349454366204,-67.3666677449857,162.96482349569985,-0.0,-274.84636868654434,551.2652991862524,-160.6837728493109,161.9730153386404,0
-11.24719784568946,-14.436670426076128,-8.161067052819607,-24.94791053425264,-53.83216737908549,-0.0,183.67085921193146,341.6536075488753,57.788106100493216,-211.8652547941635,1
61.42527171171758,-135.16038582300038,-18.50372590908526,-727.3195257697062,-12.128506437838972,0.0,-162.72284964211283,-768.225288495042,38.095835504995605,-38.07838291613481,1
-144.43814854247682,-75.35521369756893,8.836794877705769,349.76839138432416,-195.3011045276596,0.0,-283.2497047070852,882.4789892346091,193.02786900451673,166.9677949016456,0
-16.313725872862253,79.39336566427299,6.596335635933286,20.630267789681337,-88.75813650082256,0.0,-282.1964867613896,62.101448418012936,308.25707080992237,-506.06595995790497,0
-77.62065287413482,81.33414917554344,-2.1832314851593946,-200.81665539555206,49.05986837879774,-0.0,-166.76455612932813,990.2505413633656,-141.7882575498001,-134.894205048903,0
-167.83593886013549,85.29175745169849,-39.005308465942164,255.77874262047118,173.50289970811568,0.0,-105.8491733040607,-366.765822069807,-303.25830552526827,357.576750897076,0
-60.39385139360212,89.79174402627791,-9.15041467164918,198.8988020207037,22.29455084982664,0.0,684.8551350124172,-306.0394576509015,-302.37967514076803,28.094968632155883,0
84.76676929522965,79.20208372658074,-30.76976719831924,-158.1076299304843,46.025046362987645,0.0,141.70049301643493,-103.50177949459794,-181.65745934785926,56.35713926073417,1
25.703058604236766,75.22570041581827,34.46377211828216,121.11261003067173,-9.564654606018617,-0.0,841.6508609867348,273.42980057514166,260.10705948575855,403.1974735626691,0
174.4337718728923,-53.784985912443915,3.857061804601599,586.8605429188233,-32.206050059743916,-0.0,91.13053073506688,-622.0250536671805,-374.0815298158046,213.72148605548108,1
-37.19893860678335,110.18589765144459,1.4017068955341931,-239.02346225368635,27.904860765138054,-0.0,219.8239386223985,252.72102866569472,205.8482831206353,161.24871036046443,1
-299.86649222706944,25.873922137502234,10.210010223602918,-22.60677304645119,51.026983451039705,0.0,193.2641515221962,701.3595843167699,305.21767212283163,-245.40204689338498,0
-121.66891060019009,145.9646081511435,-16.3525487565815,177.27277693008898,151.26441924552574,0.0,-403.2706328998877,-828.7768961354573,181.7785439161482,-146.680419974245,0
-21.472136239890574,33.83126581851775,10.984488541519921,191.0986852029553,-182.7217844952383,0.0,-33.51487672193321,1180.0762708306443,-616.5613207105165,-172.77236084157752,0
-67.77214319706313,113.74582754561035,23.232412927132742,427.9051541367241,137.87173000646123,0.0,618.5078832990373,60.103468305088064,-139.82413374475962,-125.32828933723866,0
79.58677150849671,-141.87675039726358,-26.23998621293516,-286.54235740446364,-84.02960587293708,-0.0,-12.208071672456486,-750.519104215098,-346.45577667545615,133.39708923292463,1
-107.03966998850476,116.8550785204588,-19.497436112130586,98.06200427153335,-64.59004419762508,0.0,-830.8161151774972,-6.196273683315236,-363.95043513004146,141.38984110879923,0
-109.35093440589614,81.0557394494048,16.395319159872887,192.02669868277687,-184.1257029465902,-0.0,-288.5399309498721,192.9481923039581,-44.96522383212618,-87.58141264369696,0
-81.7179121363338,29.03968562970763,-4.4349077826206305,80.79915955137407,-150.24735228550603,0.0,-823.3242311563891,1211.6336687107166,-89.34885446742422,-91.62453066111964,0
-7.069396919735427,-70.33964683197762,4.079146932905229,279.4994240208182,139.56252851582857,-0.0,-101.55281795948156,-266.8591960500669,417.7002489144156,-8.998527854169637,1
-117.227563329253,60.660942252565604,-29.276317072528602,273.6702445656555,102.71497028303573,0.0,112.29289136235971,-208.98631845590813,-577.242857711446,695.3874802524047,0
-13.379192596401138,-25.594462311639077,8.055460769083242,-497.03270733297376,-108.56065455111533,-0.0,-53.932895433777,-5.675313280499997,797.6083097367598,-31.277303528992615,1
-21.720372232819237,21.871146759982004,-8.289384290129176,304.71260181583955,-149.73648776449804,-0.0,-139.95868305020628,520.8260917585693,-369.54688741170804,-3.6108878595400764,0
161.61042345025072,11.468016163105933,-17.48507996710802,288.2618507105897,113.93961692684353,-0.0,630.8546591045426,-528.5417079738731,-414.49457207405885,-24.850884608450386,1
-73.51486565138373,56.158788919359296,-3.28316670652706,76.06334738173352,13.771028818250207,-0.0,12.331951885165513,-552.3329862845331,-572.6824573060069,113.56168716807984,0
-106.88779316201908,78.20284799767802,19.08077134216512,163.3843604526001,-237.80135331166932,-0.0,-304.14550562274616,179.0551793801958,233.1227506033694,144.17899987941834,0
159.193826786237,-135.92277989537092,9.86787179847939,-593.8471014049354,-5.61534587146502,0.0,-102.99763037844339,191.76931593345012,-645.4291499012248,517.8185700459494,1
22.738058203363543,73.17708809126812,-24.71001099106575,385.48985522015016,-86.2547532326505,0.0,41.76515421533561,443.5367292564493,75.0201667183486,476.02775840227895,0
-91.42060576432037,12.915293109837982,-4.375370724192896,-142.3854905515691,182.41733661725752,-0.0,253.49186993307023,-58.172260161828056,-935.9084475863588,116.9831116097185,0
49.275016470843966,77.35204838861301,-9.703822819900994,41.797467852279595,102.32823876085428,-0.0,-43.14013125425227,857.4511206901548,284.4666721169501,-106.19251063587139,1
84.10552515424261,98.3008499400267,-11.415243945267083,299.52541579163295,-32.16016022592131,0.0,422.2675770361277,152.27109265170094,-89.8192541827747,587.4961353921377,0
45.20755010424339,48.508467395959116,10.210184960465716,817.6966959220426,-92.98880295881962,0.0,-10.89045294318805,173.90675501608538,-618.0790717429401,-38.73214865681713,0
170.29199126995212,-119.61801666689324,20.524641669192402,813.9363469273113,-62.17779097903557,0.0,199.99854658103484,-666.9960491650296,-118.75689246748311,-162.9580539723365,1
48.887458503673514,28.5631331171393,2.584572054626869,-107.38110103855908,16.20146371274222,-0.0,-128.33660277168002,168.84407559547552,22.541248011726026,200.8002689340257,1
71.73634392954824,-96.59303010954065,-4.452285866263327,-107.2029876704208,7.853331249097621,-0.0,-20.422627706818286,222.0771207999418,-342.83546879519923,-277.4919125382152,1
-6.734132592142393,54.8844391370977,-6.5078547335811,-46.55029467752198,16.758894107426332,-0.0,-17.39815371538508,701.6304437418434,124.10004785014127,224.95612060741524,0
126.8781497830316,-86.58439289876698,14.663569261368783,592.8586009924021,-31.453500897673358,-0.0,-6.53949347851707,17.514501720582857,664.8624752163015,440.96598077224104,1
109.92287597097135,-124.318666196243,-15.052196883519288,720.4076990040601,-164.1889915611242,-0.0,559.0436944901301,-526.5530417801638,228.62759140482225,48.92307179804751,1
-165.4207532691387,-9.035162183239606,2.6495963232180273,381.88663622324265,-143.27305279247537,0.0,23.37771411743461,722.00753391192,288.8210148872012,170.62040604506282,0
79.56818614508738,31.57790778241849,-19.258367253703337,694.3974540622089,-29.792553062204597,-0.0,538.4997338534309,178.78797782025399,-66.37267221430595,-183.7550194866514,1
104.24046255179107,-37.04039149088853,-17.198822961687824,296.74068322128755,-215.2636878263483,0.0,267.25840717442446,521.0726348437747,643.162351062192,103.90008312813431,1
-7.625660518021151,-170.75925098595195,28.348645342011793,-565.5123497343938,-22.176927338876627,-0.0,32.97657482727237,-353.3918297044291,468.53549854987824,53.69614223711333,1
-106.92326782017618,88.52361779954168,4.636079972808739,209.73725568881835,173.85106561195425,-0.0,274.7793144668588,-796.9080899688164,253.14521359360472,512.6718141128721,0
-144.22135374595757,-46.050873996784546,12.534617134148606,335.6492099384906,141.53344832128968,0.0,127.97453860921337,-494.61259005285706,-170.31481858480083,-26.11347000375115,0
25.218325226730805,50.796988563169485,36.1920455000576,539.9927320524284,155.74344579993323,-0.0,255.5110241289364,-491.1777616362523,581.1448500517137,88.91154639321817,0
188.94059164638307,-77.87067034280584,11.67700184977595,659.9687345349396,87.16851618678974,0.0,-713.0603840085787,-30.01612257025764,-293.64477208747746,-239.08727250922695,1
20.4420876574974,-11.781816342781186,8.68252793399158,-146.7205732390255,228.5768743215714,-0.0,115.34094496179426,-375.649414911781,-224.9476816630341,-168.5243918409664,1
-165.20799539798264,13.809182137509048,6.592177829524737,471.0880625736363,-100.2584575643341,0.0,147.18860738506356,-106.52264412252819,-199.14949218394182,13.961140697175493,0
5.062547307740909,133.60732263040956,-17.062475574686975,710.9821356941494,-127.79464349211692,-0.0,-572.9610630949804,-23.735863249733217,136.04793652864487,-46.04391647569369,0
132.59024691398827,-69.40832163780567,-9.717614373063036,437.78260795597663,39.65475652544297,-0.0,-84.62755284143799,509.6233172830114,-245.72523038728937,-60.19685893381271,1
-102.72142283514658,56.348652850411085,12.613764414504034,385.49771249669055,291.2396551244052,0.0,-10.630935236074016,-309.8146455873842,-496.4270327726344,134.5667560781759,0
-130.98492976367126,36.80563380352413,2.4461484555038226,204.6598717636654,11.668755098567576,0.0,-303.493751786419,-205.46661779275547,-67.91812925738705,-85.38980508768722,0
-51.02573606314248,108.40525026953897,4.177811163112499,147.9083365325353,-76.01754816925785,-0.0,644.1991402069308,499.84527787587047,530.7345430571029,219.10740704598305,0
-30.49571078341979,6.658839414529548,-5.684926069135137,282.8088612635281,-203.28162989061678,-0.0,649.9512752490053,-680.0783492210002,-36.49570806308082,164.71595526368347,0
-185.4591429223267,63.97758119642641,-1.7262297910974,82.83017327166526,-177.32500813585776,0.0,326.49043259944295,-15.849042651484314,36.22483716456133,-157.5069534336599,0
-132.33246675524762,138.241336371045,-6.145492598251936,-55.789680123851845,-145.57703359832843,0.0,284.5871613226192,499.76718459978713,273.13515353079066,199.15025031230533,0
50.36633727408395,-4.569965051362254,18.73281940179478,57.06891491064363,99.72802926074947,-0.0,-134.4662813014602,-1026.7838445481057,-368.72691187800416,-269.1950674315926,1
-64.36314331186894,137.42409448222776,-0.48160613900593047,-0.7510253571191043,54.19689192567885,-0.0,-54.16218204809648,-771.2568834590054,-354.78172470243294,-66.39244565695114,0
63.24846142373395,-54.67419579281519,-9.15205707148713,296.4843286398901,76.55804460016095,-0.0,-46.94036859559913,135.19683158476855,-923.87113512065,165.0636078790336,1
-45.02763973065263,28.300345800934323,-11.876056835968075,278.1909116794291,-76.17669971219992,0.0,111.46089439081194,1155.1831194886822,327.97437371945546,-128.42575105123228,0
-51.390180582632425,112.25507004139827,-8.012291751577402,322.2847269426575,130.05802127434282,-0.0,52.87074211290218,698.0815447819698,-426.3305440826702,441.97011609393735,0
-42.3646149548943,64.5365824449452,12.308355890665224,661.2013594007298,-35.04342895941718,0.0,313.9919085732758,306.4481265898908,-491.257341293434,431.18985923922827,0
-147.0191201120358,8.244486079165304,22.00992482149496,302.0258153110158,200.83896747180052,0.0,-468.9314615793338,-1131.355878298111,-80.10989233651155,-0.24759890559029413,0
-40.53241507421467,90.12867001060528,2.7871046580706356,23.242755864593068,168.88355166430145,0.0,-343.8860283516309,395.8744758793696,-179.13494505439414,-120.8110356638669,0
-17.561254888611074,58.30950767414122,-24.037112005916146,-154.87514924238158,16.556859333156396,0.0,665.8285524652628,70.42101430282578,-280.810235939703,14.652488395151005,0
-80.67297836246335,23.387244917516163,-10.035504469109624,477.28136119404485,56.76517468710705,0.0,120.00140873579282,947.6578715281674,-363.41894648666516,293.4541393322229,0
132.2420036485742,-48.752078108665785,18.2209239954146,425.204437685449,48.684516936712875,-0.0,607.5959709281614,-347.1660512859101,-355.50877735316595,-273.8297943777464,1
-46.75738021361306,-36.89389403436003,-35.85152081932921,-698.6557806185886,-0.5062354533827407,-0.0,-107.81463510249012,1239.0676944703348,107.62170892057318,117.35160383744062,1
49.85922918084186,-46.785465898183936,3.003496921091589,-621.0654080671777,14.612056112825698,0.0,175.35738637451806,-58.392427656410554,-289.4637380950894,-191.94006008455972,1
77.87592320250712,3.1395064044157217,-0.3637877517255914,280.8198631123897,27.172024044399436,-0.0,65.28533282657453,821.2826370979384,-489.2015714168263,251.82973646190743,1
-75.89628388771457,54.23938113729221,13.099288559966958,66.71978821392554,-7.1666256532770385,0.0,-118.30334403140546,366.25203636421935,186.65172423591716,618.2420956833631,0
-74.48789740147012,40.02723768388786,7.559491743052723,181.5768782669185,214.55977482178577,0.0,300.4629531692948,376.13547578172654,376.5232343836941,-355.72777850259706,0
-167.81053725287384,-60.033452948115475,-5.141710838326567,456.4716198078075,-123.57660923142217,0.0,-593.7316463375881,-311.28609575029543,-697.8046550350006,-66.94011644371258,0
119.406119664099,-87.64794848497468,1.897867732345498,536.9410873453115,-93.09282219793896,-0.0,96.833998167372,682.1416029812939,38.75582687778184,295.71114434663394,1
15.002438387471196,62.3011643743509,8.354015479121756,510.4168865453922,-181.0827708383647,-0.0,200.77259174758524,467.6927331839739,-518.1643739203207,-221.82801568143265,0
-25.963566848410355,56.05302402412991,8.056933373104494,795.8823068528135,-12.317765823536647,0.0,387.80436219934177,-655.2291573827849,47.78914890968728,-196.88287819244402,0
71.49355370604286,1.003534428822817,-25.213913306806823,825.045768060647,180.24480713108005,0.0,-254.4772260785073,-22.715328734677545,641.2386047394443,-154.6060257112965,0
105.04480361354679,-52.7276687759763,-1.7112335021655254,358.6770522329033,112.81732353395094,-0.0,-268.07561154468715,327.36054666523785,-64.84597519730961,246.07270667986532,1
-62.58856981148568,-41.751346991274595,-7.132643447749618,378.2234812558977,-281.9269814248786,0.0,-48.743025261991804,-540.2396478678402,-226.90126084265432,-30.320543289865487,0
-186.6369438491952,29.909033705754712,13.473972086536575,148.77064490436337,167.96716541124863,0.0,-272.35245929186425,650.7723345346119,930.1554412177488,-257.2010599203585,0
164.62774082173345,-50.04366994240271,15.23625349983033,504.2261081568839,58.06678602307282,-0.0,-156.25859296676774,-319.6083543488678,-114.42071456573498,-25.702774095626914,1
-172.2365492395152,19.512383006978762,-16.865723395206256,-1.607659796475562,15.963482465621448,-0.0,-19.868728380102368,517.3028505035683,-163.80149220032777,-10.96484657119925,0
-131.76777725903378,56.48471201141046,8.014076741195097,165.72769586775888,-81.07273632745712,0.0,333.56862031313153,156.5883022772151,-100.66173726694568,12.00129016146347,0
152.54110974621895,-116.48278796952172,6.87496677569194,-220.31020699227352,88.04709283197963,0.0,-351.54906753938394,-435.4418762787841,758.4123682972825,36.95294446262815,1
159.7012173930033,-26.86921604279354,23.061555986993216,368.3169834216985,78.65582607195392,-0.0,-248.72755317171365,-378.9645494647838,583.310748525567,356.41831804292434,1
64.79902504369427,72.17596796678316,-17.326732783487163,215.9204454355011,-94.0460243394719,0.0,66.80704512795222,-646.8988218879556,145.04503954646123,246.91709134764724,0
-71.94182958936581,12.425896343355284,-10.058592313993794,385.62418415781934,-20.487037634881535,-0.0,10.691964090170634,96.5421145510327,235.98960744031976,-312.1542467861111,0
-36.87410363088162,-64.54182377501972,-4.496943609461673,83.92729339620668,170.6941734165461,-0.0,439.85161747512547,473.09824832436135,-194.68479342800933,-94.9691091194071,1
53.04901377374635,-4.808263680602376,-11.488350775124866,82.29978397963737,79.16721423522297,-0.0,-58.756738741498054,-186.68355135973835,655.3790316873973,-9.151927874698913,1
-112.41701254408349,-57.06481117498422,-1.206470922319387,-378.45829076018157,-59.6538701290418,-0.0,-524.5101142364927,880.9494509090962,575.1325837289612,-76.09659221520619,0
60.08935133315623,-28.871881434932902,-8.56655209884539,797.8805850864312,-117.04779366913237,-0.0,-11.047492742986952,204.61161516419656,-217.96612115821165,139.1973476844276,0
-45.24078879865913,99.8200307486883,-4.519694258082009,188.7575892991612,43.257563237298065,-0.0,106.0285854682356,-599.4976782086545,-230.28978510555476,-174.32501212600584,0
-133.06128537403464,61.19062911079085,-8.85939581505953,140.64083425979968,-98.96238043563615,-0.0,-567.7644034680974,27.58422760922081,-10.031092502689217,-146.56284494408723,0
125.9774629285512,-62.23742123253124,4.589771064791864,-9.184240258732743,-166.36033938127696,-0.0,408.0114296470059,177.67811865815838,84.59804913967939,-222.10602547506346,1
-83.96003664649187,-19.75998452152704,28.569094054403003,582.4736906115265,-73.87994615591408,0.0,194.75126124135787,-155.60293105385645,486.9688987142194,-156.90009277494946,0
-111.04544659471028,72.71538614126904,-10.019390786313124,111.49416933145218,11.758390372120786,0.0,298.72613721185866,-385.70821719623876,565.1672200463112,-88.88576396731735,0
-80.7531670016679,9.937098159632294,-0.8736579923913298,476.06038671263224,-195.68100568475714,-0.0,-27.366568558086485,501.4932317671529,872.8335004923264,-177.08098359593922,0
99.77892661156882,-100.56187525722159,-2.5473642070916918,-435.8613578278564,-54.558939440112404,-0.0,370.6820906533391,-100.05940173636479,-203.0329890754068,286.9232879930755,1
-9.960981132379011,-51.39705934276814,-19.338592484436038,608.4269585170236,35.6623254219712,0.0,-1045.8425359319074,302.272444735222,355.76173958992734,-71.55368209067653,0
-5.872435797888867,0.33370558007088325,3.490040604116297,169.6517139840779,-124.15685577243649,-0.0,-32.40212533353148,1296.1269466373824,350.6757785596967,265.6702420552011,1
-101.09610947144249,68.59493207903711,-7.366764715882031,143.03557773224503,-156.60517947826276,0.0,509.19443310945934,319.75997594369863,-256.42417873143717,307.8160108996417,0
-179.44887531320947,86.89727313849114,11.886492787175623,147.7712875751674,-71.38088931041256,0.0,-207.3045743695618,988.170736198075,82.46874279578175,-34.77638467278814,0
47.558767724750815,-42.96539923308851,-7.702197014356492,239.70181167752688,-116.96538761567273,-0.0,42.25438337999197,-348.70932334010223,-219.03508011126902,-44.94780210344578,1
131.77480012405024,-51.543244753502144,13.938122423471977,438.53340989440443,47.09186324451143,-0.0,-321.86484891240076,-454.8918066202383,-46.023435771931965,340.82105993673616,1
-47.54576959627924,-3.97035576499186,-9.567592122053954,-315.3744765193234,160.06536614263146,-0.0,389.38143736179904,-379.7639355631185,25.566114999744084,10.868032700128232,1
39.944317278365475,56.67808245182012,3.3205317750438414,328.1546999045298,135.541963050155,0.0,124.34888208870397,-353.05745622272553,-89.0589632346238,-135.20517170525517,0
3.4159743782406027,25.45695194928485,28.404768479573136,-119.86444154401293,17.28807969823798,-0.0,26.01635627775853,368.7638957910294,376.52788457762273,78.98783366373289,1
6.151746682535331,130.20212796461732,-6.3765290570724265,466.5520993478708,-56.43259167871703,-0.0,-544.2305544044858,421.99692767614306,29.449776200298206,261.37264454805756,0
81.38159365416826,-67.75254379769287,5.172905540467735,24.701302243933835,28.167400226125018,-0.0,218.07091948870433,216.8297166405396,-17.037302165707516,86.38432857357084,1
-37.05096982873699,44.104738571399054,24.50904906873096,-375.5688943743804,71.23024143473704,-0.0,318.9936222328277,1096.0550658936434,538.3496229186991,105.11620106360624,1
192.72417927445076,-48.147985672837734,0.6488711586064442,622.1408664884,66.19596766786204,-0.0,-124.90161330175148,-186.23762798006834,-59.64401717995568,521.4479172431073,1
-106.71755741133929,201.69476145345595,15.02230064111219,-279.8055520732299,-246.39919104954353,0.0,-97.96962915117051,270.7032645290534,-211.5820078005226,652.9674344069114,0
63.41868238042054,-64.30989306744364,8.732585062874959,-381.6216941520402,73.58135092042896,-0.0,390.80019836954807,-131.31592120846338,537.0625042290914,8.380246997444306,1
96.90646467997402,-50.0679597420946,-5.9744950496183264,-371.2297219419774,-49.73121264310875,0.0,31.520377539734707,-1153.2190536398646,437.80888499410105,-238.0715981881396,1
-79.69180110654244,78.16957363384022,3.875422205403867,468.99276108776314,-61.20401422842987,0.0,-432.9709837962459,661.4348117647362,296.78402555656464,-181.13256882484004,0
-2.2755331484747163,-70.81188505317479,-0.6767631998655165,185.4003687469731,-47.40206534903053,0.0,25.281885498123604,-566.4835348327426,-171.03236671746015,679.1858736263787,1
-146.04537449377398,1.0403574677892329,2.6413686623683605,137.85527067772787,81.28983312343968,0.0,-66.07268018366985,19.96466621922692,242.68427352899766,10.053301586353616,0
38.28977844666417,78.01596614996258,-7.6237337576594575,733.0815296295873,-7.335440547358365,-0.0,742.9785257757588,369.8450278125006,63.62461589683641,362.2673753281841,0
28.367297579424225,-12.51712298656409,18.88184200952495,-16.16237936844514,-92.13522892166142,-0.0,422.05173821774054,1.1557987277369248,768.5370152537778,-507.57357011432896,1
68.09813181657735,27.576878086078178,20.059842758796897,-626.716280768993,-77.2314776823609,0.0,-96.97169537171678,232.00662470494638,-96.50579365324077,110.72595099815625,1
-245.1808662254596,52.81287120865046,-12.528097218190428,21.17934880305681,-31.284677309272414,0.0,100.59292780253458,76.83406201778556,-499.45258459453345,269.90996948716474,0
71.91104566531207,-58.733879736794535,-11.334935825857553,229.20321912122057,94.21851155860152,0.0,572.1664620668934,-43.63020669057427,451.2978429534586,257.66899060141765,1
-36.4347730987964,137.16442582937182,3.298365239008186,-27.289603854988883,191.1657496889711,0.0,-134.75260101481308,-387.70804120990493,253.68728237374722,72.52687433472983,0
8.45659407225475,-53.82098120454646,-22.364994654852886,-606.89993132729,-12.5461357417145,-0.0,96.25189822646199,39.546141017547946,461.9416462304549,-100.88826988341407,1
105.89120904662109,-75.29223874514035,-2.133904736605079,-371.84801665506285,-54.39083523922918,0.0,-140.92381153305234,-900.3192793079785,-343.46570909218764,-31.443094022685294,1
-69.2218954154692,-27.50787774732644,-17.28901124416433,-15.522585604176513,-42.19975885144564,-0.0,-289.62800928749374,109.42703895038198,-175.7715269071002,159.67630467300376,0
249.1749572744412,-57.25941502419543,4.367995086889514,749.1210166879728,6.373421721534912,-0.0,-19.02212649662351,-1014.4995716766247,309.73987591604606,529.5587092670107,1
26.946755449962897,8.534604594094672,-8.87391651190663,-98.25521558941612,-18.097283609350885,-0.0,450.99718365629855,-466.19844716169166,682.1244094933511,383.15502232435364,1
30.681104700637373,-49.25178848334917,19.701545786109147,148.01056840600594,90.54088266739002,-0.0,124.67233832151722,70.09212521538883,346.3803727947084,-327.2995047686803,1
-41.08191776415663,100.68038499170021,16.990815504804733,109.03259170061501,-91.1543429459334,0.0,-129.94342693636486,704.7915655500362,802.9022150569944,121.37547530802087,0
-61.70849292369368,10.432524179755818,26.03024727444489,470.52498080977864,-62.84399229607987,-0.0,-560.8214951139435,38.43446249565949,-593.6834002723183,-16.31554468302487,0
130.99155571185148,-46.779297654924505,-3.39470743702774,513.2291499216767,-148.4260409941525,-0.0,317.9323571763488,-116.44848355135258,-268.72534231833436,-236.05825274948808,1
59.54069246931354,-21.739144255037615,11.861005221325627,700.0622132177643,-52.30282714566452,0.0,-436.12045916793954,200.04118684687344,-158.4796809079963,-105.2446578113851,0
-59.53018117081251,-11.367714202843578,8.147347001008997,-242.95175770039938,-85.95876306548338,-0.0,370.5802493544081,-320.90624054444163,-539.1031248510127,-159.7497705491708,1
-102.76710322006723,92.09281208853889,1.2579239930829285,-197.58193320018225,-105.80317734055231,0.0,282.2986217911196,-386.6750713635032,-330.0087191327663,102.247263393154,0
37.2203116103376,-53.40229606409105,-29.89000763332604,157.75215380488893,184.58203764953245,0.0,-62.136738456087706,235.92321342191582,-340.71372267139867,-87.41264151388916,1
13.651466030777359,44.20602702141091,12.674408733330463,239.85507825735348,-7.68319215358067,-0.0,142.83594883659367,566.7700978442946,240.05803120036413,123.50695487329358,0
-23.353393858671613,-44.784622525294054,4.447995898018024,599.2577404097165,-37.50966089719836,0.0,242.02681971663404,297.129085086328,-424.7062455565904,184.70734374854948,0
-89.31345870033209,56.572810309757934,9.590768545814747,235.93924772479556,-18.98388850451444,0.0,59.31176668324038,-143.44272602673314,382.30310514829694,-441.1135684628308,0
-130.5157318317967,75.7810045618107,-0.6982270475047478,72.21373194712379,267.0330160689878,0.0,283.5812268134448,-616.9289405748532,237.19236845839941,-106.79032030589164,0
-20.46005051645793,94.95582411147782,2.7244662720261346,728.1599913981383,-50.87644020972341,0.0,431.2940164802148,-235.16035730497399,264.31845079816395,151.66357560367854,0
-124.0639952740161,11.150576157661375,-6.060334194011038,-126.07400488015269,-82.18425537954765,-0.0,-334.7186403975677,-571.3838282308262,-151.7542974084485,375.78447878970684,0
58.45233294428304,129.33700310999353,10.306204327004934,497.5540001371655,-64.54405951438378,0.0,-158.10152268199454,-138.7682315817893,-89.74469380995279,83.28472588976574,0
53.95502625996413,-112.058242815215,-3.876328904161974,-505.2140666226682,-27.699304096886586,-0.0,-312.7123610006938,-345.5062045853073,-620.5498080781497,-742.1426700489974,1
5.112597945064411,-40.00735063445778,-11.24885048655663,77.04574712949952,-140.74962489022278,-0.0,197.69625681250253,-309.1839821255252,339.78554580433695,-192.63872606925804,1
